datetime,Global_active_power,day_of_week,month,is_weekend,lag_1,lag_7,rolling_7
2006-12-23,79.55643333333335,5,12,1,39.0223,20.152933333333333,35.1270619047619
2006-12-24,42.5002,6,12,1,79.55643333333335,56.507666666666665,43.6132761904762
2006-12-25,45.718666666666664,0,12,0,42.5002,36.73043333333333,41.61220952380952
2006-12-26,65.5685,1,12,0,45.718666666666664,27.7699,42.89624285714286
2006-12-27,25.479333333333333,2,12,0,65.5685,37.095800000000004,48.296042857142865
2006-12-28,34.54396666666666,3,12,0,25.479333333333333,28.610400000000002,46.636547619047626
2006-12-29,52.90653333333333,4,12,0,34.54396666666666,39.0223,47.484199999999994
2006-12-30,46.48836666666667,5,12,1,52.90653333333333,79.55643333333335,49.467661904761904
2006-12-31,58.236599999999996,6,12,1,46.48836666666667,42.5002,44.743652380952376
2007-01-01,45.81673333333333,0,1,0,58.236599999999996,45.718666666666664,46.99170952380952
2007-01-02,21.153933333333335,1,1,0,45.81673333333333,65.5685,47.005719047619046
2007-01-03,16.9009,2,1,0,21.153933333333335,25.479333333333333,40.660780952380954
2007-01-04,54.32353333333333,3,1,0,16.9009,34.54396666666666,39.43529047619047
2007-01-05,45.22273333333333,4,1,0,54.32353333333333,52.90653333333333,42.26094285714286
2007-01-06,25.139633333333332,5,1,1,45.22273333333333,46.48836666666667,41.16325714285714
2007-01-07,40.79366666666667,6,1,1,25.139633333333332,58.236599999999996,38.113438095238095
2007-01-08,37.356,0,1,0,40.79366666666667,45.81673333333333,35.62159047619048
2007-01-09,31.1509,1,1,0,37.356,21.153933333333335,34.41291428571429
2007-01-10,35.913333333333334,2,1,0,31.1509,16.9009,35.84105238095238
2007-01-11,37.58656666666666,3,1,0,35.913333333333334,54.32353333333333,38.557114285714285
2007-01-12,24.354933333333335,4,1,0,37.58656666666666,45.22273333333333,36.16611904761904
2007-01-13,53.113566666666664,5,1,1,24.354933333333335,25.139633333333332,33.18500476190476
2007-01-14,50.130266666666664,6,1,1,53.113566666666664,40.79366666666667,37.18128095238096
2007-01-15,35.811299999999996,0,1,0,50.130266666666664,37.356,38.51508095238095
2007-01-16,28.106733333333334,1,1,0,35.811299999999996,31.1509,38.29440952380952
2007-01-17,47.46146666666667,2,1,0,28.106733333333334,35.913333333333334,37.85952857142858
2007-01-18,30.3577,3,1,0,47.46146666666667,37.58656666666666,39.5092619047619
2007-01-19,24.674,4,1,0,30.3577,24.354933333333335,38.47656666666666
2007-01-20,52.22886666666667,5,1,1,24.674,53.113566666666664,38.52214761904762
2007-01-21,56.7877,6,1,1,52.22886666666667,50.130266666666664,38.395761904761905
2007-01-22,36.34156666666667,0,1,0,56.7877,35.811299999999996,39.34682380952381
2007-01-23,29.627333333333336,1,1,0,36.34156666666667,28.106733333333334,39.42257619047619
2007-01-24,49.79756666666666,2,1,0,29.627333333333336,47.46146666666667,39.63980476190476
2007-01-25,26.605733333333333,3,1,0,49.79756666666666,30.3577,39.97353333333334
2007-01-26,26.9662,4,1,0,26.605733333333333,24.674,39.4375380952381
2007-01-27,34.06786666666667,5,1,1,26.9662,52.22886666666667,39.76499523809524
2007-01-28,51.503400000000006,6,1,1,34.06786666666667,56.7877,37.170566666666666
2007-01-29,33.0444,0,1,0,51.503400000000006,36.34156666666667,36.41566666666667
2007-01-30,28.4633,1,1,0,33.0444,29.627333333333336,35.94464285714286
2007-01-31,39.39586666666666,2,1,0,28.4633,49.79756666666666,35.77835238095238
2007-02-01,30.412666666666667,3,2,0,39.39586666666666,26.605733333333333,34.29239523809524
2007-02-02,27.7956,4,2,0,30.412666666666667,26.9662,34.83624285714286
2007-02-03,67.16203333333334,5,2,1,27.7956,34.06786666666667,34.95472857142857
2007-02-04,59.93233333333333,6,2,1,67.16203333333334,51.503400000000006,39.68246666666666
2007-02-05,27.421333333333333,0,2,0,59.93233333333333,33.0444,40.886599999999994
2007-02-06,21.224666666666668,1,2,0,27.421333333333333,28.4633,40.083304761904756
2007-02-07,38.8003,2,2,0,21.224666666666668,39.39586666666666,39.049214285714285
2007-02-08,30.023566666666667,3,2,0,38.8003,30.412666666666667,38.96413333333333
2007-02-09,27.003300000000003,4,2,0,30.023566666666667,27.7956,38.90854761904762
2007-02-10,47.15546666666667,5,2,1,27.003300000000003,67.16203333333334,38.79536190476191
2007-02-11,59.52046666666667,6,2,1,47.15546666666667,59.93233333333333,35.93728095238095
2007-02-12,31.293499999999998,0,2,0,59.52046666666667,27.421333333333333,35.87844285714286
2007-02-13,23.575766666666667,1,2,0,31.293499999999998,21.224666666666668,36.43160952380952
2007-02-14,41.644533333333335,2,2,0,23.575766666666667,38.8003,36.76748095238095
2007-02-15,33.0891,3,2,0,41.644533333333335,30.023566666666667,37.17379999999999
2007-02-16,28.375466666666668,4,2,0,33.0891,27.003300000000003,37.61173333333334
2007-02-17,34.615199999999994,5,2,1,28.375466666666668,47.15546666666667,37.80775714285714
2007-02-18,63.82936666666667,6,2,1,34.615199999999994,59.52046666666667,36.01629047619048
2007-02-19,36.44356666666667,0,2,0,63.82936666666667,31.293499999999998,36.63184761904762
2007-02-20,52.498799999999996,1,2,0,36.44356666666667,23.575766666666667,37.36757142857143
2007-02-21,34.5479,2,2,0,52.498799999999996,41.644533333333335,41.499433333333336
2007-02-22,56.15796666666667,3,2,0,34.5479,33.0891,40.48562857142857
2007-02-23,21.891333333333332,4,2,0,56.15796666666667,28.375466666666668,43.78118095238095
2007-02-24,11.915366666666667,5,2,1,21.891333333333332,34.615199999999994,42.85487619047619
2007-02-25,8.362333333333334,6,2,1,11.915366666666667,63.82936666666667,39.61204285714286
2007-02-26,9.474733333333335,0,2,0,8.362333333333334,36.44356666666667,31.688180952380954
2007-02-27,8.6352,1,2,0,9.474733333333335,52.498799999999996,27.835490476190476
2007-02-28,8.679566666666666,2,2,0,8.6352,34.5479,21.569261904761902
2007-03-01,8.626066666666667,3,3,0,8.679566666666666,56.15796666666667,17.873785714285713
2007-03-02,8.5948,4,3,0,8.626066666666667,21.891333333333332,11.083514285714285
2007-03-03,13.652033333333332,5,3,1,8.5948,11.915366666666667,9.184009523809523
2007-03-04,34.845,6,3,1,13.652033333333332,8.362333333333334,9.432104761904762
2007-03-05,44.33886666666667,0,3,0,34.845,9.474733333333335,13.215342857142856
2007-03-06,20.775,1,3,0,44.33886666666667,8.6352,18.195933333333333
2007-03-07,39.58676666666667,2,3,0,20.775,8.679566666666666,19.93019047619048
2007-03-08,26.2022,3,3,0,39.58676666666667,8.626066666666667,24.345504761904767
2007-03-09,21.2102,4,3,0,26.2022,8.5948,26.856380952380952
2007-03-10,41.41186666666667,5,3,1,21.2102,13.652033333333332,28.658580952380955
2007-03-11,58.0106,6,3,1,41.41186666666667,34.845,32.624271428571426
2007-03-12,32.51113333333333,0,3,0,58.0106,44.33886666666667,35.93364285714286
2007-03-13,21.5024,1,3,0,32.51113333333333,20.775,34.243966666666665
2007-03-14,29.889400000000002,2,3,0,21.5024,39.58676666666667,34.347880952380955
2007-03-15,31.413566666666668,3,3,0,29.889400000000002,26.2022,32.96254285714286
2007-03-16,28.36756666666667,4,3,0,31.413566666666668,21.2102,33.70702380952381
2007-03-17,33.8015,5,3,1,28.36756666666667,41.41186666666667,34.729504761904764
2007-03-18,39.51743333333333,6,3,1,33.8015,58.0106,33.64230952380952
2007-03-19,35.8753,0,3,0,39.51743333333333,32.51113333333333,31.000428571428568
2007-03-20,34.77046666666667,1,3,0,35.8753,21.5024,31.481023809523812
2007-03-21,35.70153333333334,2,3,0,34.77046666666667,29.889400000000002,33.376461904761904
2007-03-22,24.249633333333335,3,3,0,35.70153333333334,31.413566666666668,34.20676666666667
2007-03-23,21.8168,4,3,0,24.249633333333335,28.36756666666667,33.183347619047616
2007-03-24,49.47383333333333,5,3,1,21.8168,33.8015,32.247523809523805
2007-03-25,55.602066666666666,6,3,1,49.47383333333333,39.51743333333333,34.486428571428576
2007-03-26,23.601366666666667,0,3,0,55.602066666666666,35.8753,36.78423333333334
2007-03-27,18.419,1,3,0,23.601366666666667,34.77046666666667,35.030814285714285
2007-03-28,38.8983,2,3,0,18.419,35.70153333333334,32.69489047619048
2007-03-29,26.506766666666667,3,3,0,38.8983,24.249633333333335,33.15157142857142
2007-03-30,23.373233333333335,4,3,0,26.506766666666667,21.8168,33.47401904761905
2007-03-31,58.49183333333334,5,3,1,23.373233333333335,49.47383333333333,33.69636666666667
2007-04-01,46.43253333333333,6,4,1,58.49183333333334,55.602066666666666,34.984652380952376
2007-04-02,32.679633333333335,0,4,0,46.43253333333333,23.601366666666667,33.67471904761905
2007-04-03,27.380333333333333,1,4,0,32.679633333333335,18.419,34.97161428571429
2007-04-04,34.1978,2,4,0,27.380333333333333,38.8983,36.25180476190476
2007-04-05,30.73463333333333,3,4,0,34.1978,26.506766666666667,35.58030476190476
2007-04-06,26.68566666666667,4,4,0,30.73463333333333,23.373233333333335,36.184285714285714
2007-04-07,25.898733333333332,5,4,1,26.68566666666667,58.49183333333334,36.65749047619048
2007-04-08,26.8136,6,4,1,25.898733333333332,46.43253333333333,32.001333333333335
2007-04-09,16.682,0,4,0,26.8136,32.679633333333335,29.19862857142857
2007-04-10,12.956066666666667,1,4,0,16.682,27.380333333333333,26.91325238095238
2007-04-11,14.791366666666667,2,4,0,12.956066666666667,34.1978,24.852642857142857
2007-04-12,8.961766666666668,3,4,0,14.791366666666667,30.73463333333333,22.08029523809524
2007-04-13,9.1837,4,4,0,8.961766666666668,26.68566666666667,18.969885714285713
2007-04-14,9.2378,5,4,1,9.1837,25.898733333333332,16.469604761904762
2007-04-15,12.102733333333333,6,4,1,9.2378,26.8136,14.089471428571429
2007-04-16,15.873166666666666,0,4,0,12.102733333333333,16.682,11.987919047619046
2007-04-17,20.395566666666664,1,4,0,15.873166666666666,12.956066666666667,11.872371428571427
2007-04-18,16.637433333333334,2,4,0,20.395566666666664,14.791366666666667,12.935157142857141
2007-04-19,17.144299999999998,3,4,0,16.637433333333334,8.961766666666668,13.19888095238095
2007-04-20,13.709666666666667,4,4,0,17.144299999999998,9.1837,14.367814285714285
2007-04-21,27.894266666666667,5,4,1,13.709666666666667,9.2378,15.01438095238095
2007-04-22,37.228566666666666,6,4,1,27.894266666666667,12.102733333333333,17.679590476190477
2007-04-23,17.5761,0,4,0,37.228566666666666,15.873166666666666,21.26899523809524
2007-04-24,17.201666666666664,1,4,0,17.5761,20.395566666666664,21.51227142857143
2007-04-25,21.069366666666667,2,4,0,17.201666666666664,16.637433333333334,21.056
2007-04-26,21.257766666666665,3,4,0,21.069366666666667,17.144299999999998,21.68913333333333
2007-04-27,18.23886666666667,4,4,0,21.257766666666665,13.709666666666667,22.27677142857143
2007-04-28,0.3789666666666667,5,4,1,18.23886666666667,27.894266666666667,22.9238
2007-04-29,0.0,6,4,1,0.3789666666666667,37.228566666666666,18.993042857142854
2007-04-30,7.0137,0,4,0,0.0,17.5761,13.674676190476191
2007-05-01,27.730966666666667,1,5,0,7.0137,17.201666666666664,12.165761904761906
2007-05-02,16.724766666666667,2,5,0,27.730966666666667,21.069366666666667,13.669947619047619
2007-05-03,18.170633333333335,3,5,0,16.724766666666667,21.257766666666665,13.049290476190476
2007-05-04,16.635466666666666,4,5,0,18.170633333333335,18.23886666666667,12.60827142857143
2007-05-05,26.050866666666664,5,5,1,16.635466666666666,0.3789666666666667,12.379214285714285
2007-05-06,35.035066666666665,6,5,1,26.050866666666664,0.0,16.04662857142857
2007-05-07,27.3944,0,5,0,35.035066666666665,7.0137,21.051638095238097
2007-05-08,29.82153333333333,1,5,0,27.3944,27.730966666666667,23.963166666666666
2007-05-09,27.76226666666667,2,5,0,29.82153333333333,16.724766666666667,24.261819047619046
2007-05-10,11.798066666666667,3,5,0,27.76226666666667,18.170633333333335,25.838604761904758
2007-05-11,16.319233333333333,4,5,0,11.798066666666667,16.635466666666666,24.928238095238097
2007-05-12,24.0261,5,5,1,16.319233333333333,26.050866666666664,24.883061904761906
2007-05-13,27.245633333333334,6,5,1,24.0261,35.035066666666665,24.59380952380952
2007-05-14,24.463033333333332,0,5,0,27.245633333333334,27.3944,23.481033333333336
2007-05-15,15.073200000000002,1,5,0,24.463033333333332,29.82153333333333,23.062266666666666
2007-05-16,28.215733333333333,2,5,0,15.073200000000002,27.76226666666667,20.955361904761904
2007-05-17,20.530266666666666,3,5,0,28.215733333333333,11.798066666666667,21.020142857142854
2007-05-18,27.192166666666665,4,5,0,20.530266666666666,16.319233333333333,22.267599999999998
2007-05-19,23.824033333333333,5,5,1,27.192166666666665,24.0261,23.820876190476188
2007-05-20,32.80546666666667,6,5,1,23.824033333333333,27.245633333333334,23.792009523809526
2007-05-21,18.6677,0,5,0,32.80546666666667,24.463033333333332,24.586271428571425
2007-05-22,18.88086666666667,1,5,0,18.6677,15.073200000000002,23.758366666666664
2007-05-23,24.415599999999998,2,5,0,18.88086666666667,28.215733333333333,24.302319047619047
2007-05-24,19.2398,3,5,0,24.415599999999998,20.530266666666666,23.759442857142858
2007-05-25,26.903666666666666,4,5,0,19.2398,27.192166666666665,23.575090476190475
2007-05-26,25.204133333333335,5,5,1,26.903666666666666,23.824033333333333,23.53387619047619
2007-05-27,35.8968,6,5,1,25.204133333333335,32.80546666666667,23.731033333333333
2007-05-28,27.291133333333335,0,5,0,35.8968,18.6677,24.172652380952382
2007-05-29,17.689,1,5,0,27.291133333333335,18.88086666666667,25.404571428571426
2007-05-30,26.8311,2,5,0,17.689,24.415599999999998,25.234304761904763
2007-05-31,15.6425,3,5,0,26.8311,19.2398,25.57937619047619
2007-06-01,17.4153,4,6,0,15.6425,26.903666666666666,25.065476190476193
2007-06-02,24.73936666666667,5,6,1,17.4153,25.204133333333335,23.70999523809524
2007-06-03,35.133766666666666,6,6,1,24.73936666666667,35.8968,23.6436
2007-06-04,15.193633333333334,0,6,0,35.133766666666666,27.291133333333335,23.534595238095243
2007-06-05,24.314866666666667,1,6,0,15.193633333333334,17.689,21.80638095238095
2007-06-06,28.2273,2,6,0,24.314866666666667,26.8311,22.752933333333335
2007-06-07,16.4167,3,6,0,28.2273,15.6425,22.952390476190477
2007-06-08,35.80076666666666,4,6,0,16.4167,17.4153,23.062990476190475
2007-06-09,17.663566666666668,5,6,1,35.80076666666666,24.73936666666667,25.689485714285716
2007-06-10,22.346866666666664,6,6,1,17.663566666666668,35.133766666666666,24.67865714285714
2007-06-11,13.244233333333334,0,6,0,22.346866666666664,15.193633333333334,22.85195714285714
2007-06-12,15.312766666666667,1,6,0,13.244233333333334,24.314866666666667,22.573471428571427
2007-06-13,15.454533333333334,2,6,0,15.312766666666667,28.2273,21.28745714285714
2007-06-14,20.984733333333335,3,6,0,15.454533333333334,16.4167,19.462776190476188
2007-06-15,16.4934,4,6,0,20.984733333333335,35.80076666666666,20.11535238095238
2007-06-16,33.62936666666666,5,6,1,16.4934,17.663566666666668,17.357157142857144
2007-06-17,32.451499999999996,6,6,1,33.62936666666666,22.346866666666664,19.637985714285715
2007-06-18,11.3079,0,6,0,32.451499999999996,13.244233333333334,21.08150476190476
2007-06-19,14.039333333333333,1,6,0,11.3079,15.312766666666667,20.804885714285717
2007-06-20,17.904766666666667,2,6,0,14.039333333333333,15.454533333333334,20.622966666666667
2007-06-21,13.4491,3,6,0,17.904766666666667,20.984733333333335,20.973000000000003
2007-06-22,9.438233333333333,4,6,0,13.4491,16.4934,19.89648095238095
2007-06-23,7.959433333333334,5,6,1,9.438233333333333,33.62936666666666,18.8886
2007-06-24,11.910933333333332,6,6,1,7.959433333333334,32.451499999999996,15.221466666666666
2007-06-25,17.870033333333332,0,6,0,11.910933333333332,11.3079,12.2871
2007-06-26,15.748466666666667,1,6,0,17.870033333333332,14.039333333333333,13.224547619047618
2007-06-27,24.680433333333333,2,6,0,15.748466666666667,17.904766666666667,13.468709523809524
2007-06-28,21.590633333333336,3,6,0,24.680433333333333,13.4491,14.436661904761905
2007-06-29,21.736633333333334,4,6,0,21.590633333333336,9.438233333333333,15.599738095238095
2007-06-30,22.255233333333333,5,6,1,21.736633333333334,7.959433333333334,17.35665238095238
2007-07-01,17.111066666666666,6,7,1,22.255233333333333,11.910933333333332,19.398909523809525
2007-07-02,16.1172,0,7,0,17.111066666666666,17.870033333333332,20.141785714285714
2007-07-03,17.665200000000002,1,7,0,16.1172,15.748466666666667,19.891380952380953
2007-07-04,16.723499999999998,2,7,0,17.665200000000002,24.680433333333333,20.165200000000002
2007-07-05,17.6215,3,7,0,16.723499999999998,21.590633333333336,19.02849523809524
2007-07-06,17.825400000000002,4,7,0,17.6215,21.736633333333334,18.46147619047619
2007-07-07,22.636766666666666,5,7,1,17.825400000000002,22.255233333333333,17.90272857142857
2007-07-08,18.151333333333334,6,7,1,22.636766666666666,17.111066666666666,17.957233333333335
2007-07-09,19.6693,0,7,0,18.151333333333334,16.1172,18.105842857142857
2007-07-10,15.138733333333333,1,7,0,19.6693,17.665200000000002,18.613285714285716
2007-07-11,12.0392,2,7,0,15.138733333333333,16.723499999999998,18.252361904761905
2007-07-12,17.82636666666667,3,7,0,12.0392,17.6215,17.58317619047619
2007-07-13,13.2397,4,7,0,17.82636666666667,17.825400000000002,17.61244285714286
2007-07-14,21.4695,5,7,1,13.2397,22.636766666666666,16.95734285714286
2007-07-15,15.283733333333334,6,7,1,21.4695,18.151333333333334,16.790590476190477
2007-07-16,14.2279,0,7,0,15.283733333333334,19.6693,16.380933333333335
2007-07-17,11.993866666666666,1,7,0,14.2279,15.138733333333333,15.603590476190476
2007-07-18,12.618033333333333,2,7,0,11.993866666666666,12.0392,15.154323809523811
2007-07-19,11.2981,3,7,0,12.618033333333333,17.82636666666667,15.237014285714285
2007-07-20,18.507033333333332,4,7,0,11.2981,13.2397,14.304404761904761
2007-07-21,17.6708,5,7,1,18.507033333333332,21.4695,15.05688095238095
2007-07-22,22.92956666666667,6,7,1,17.6708,15.283733333333334,14.514209523809523
2007-07-23,16.51696666666667,0,7,0,22.92956666666667,14.2279,15.606471428571428
2007-07-24,13.754733333333332,1,7,0,16.51696666666667,11.993866666666666,15.933480952380952
2007-07-25,7.876,2,7,0,13.754733333333332,12.618033333333333,16.185033333333333
2007-07-26,15.408333333333333,3,7,0,7.876,11.2981,15.5076
2007-07-27,20.0419,4,7,0,15.408333333333333,18.507033333333332,16.09477619047619
2007-07-28,27.031033333333333,5,7,1,20.0419,17.6708,16.31404285714286
2007-07-29,5.351933333333333,6,7,1,27.031033333333333,22.92956666666667,17.651219047619048
2007-07-30,7.780266666666666,0,7,0,5.351933333333333,16.51696666666667,15.140128571428573
2007-07-31,13.538866666666667,1,7,0,7.780266666666666,13.754733333333332,13.89202857142857
2007-08-01,17.6723,2,8,0,13.538866666666667,7.876,13.861190476190476
2007-08-02,16.990266666666667,3,8,0,17.6723,15.408333333333333,15.260661904761905
2007-08-03,17.722733333333334,4,8,0,16.990266666666667,20.0419,15.48665238095238
2007-08-04,19.083166666666667,5,8,1,17.722733333333334,27.031033333333333,15.155342857142857
2007-08-05,13.1183,6,8,1,19.083166666666667,5.351933333333333,14.019933333333332
2007-08-06,18.162,0,8,0,13.1183,7.780266666666666,15.129414285714285
2007-08-07,24.726333333333333,1,8,0,18.162,13.538866666666667,16.61251904761905
2007-08-08,18.758033333333334,2,8,0,24.726333333333333,17.6723,18.21072857142857
2007-08-09,17.861333333333334,3,8,0,18.758033333333334,16.990266666666667,18.365833333333335
2007-08-10,17.1335,4,8,0,17.861333333333334,17.722733333333334,18.49027142857143
2007-08-11,18.194166666666668,5,8,1,17.1335,19.083166666666667,18.40609523809524
2007-08-12,20.6984,6,8,1,18.194166666666668,13.1183,18.279095238095238
2007-08-13,19.216866666666665,0,8,0,20.6984,18.162,19.361966666666667
2007-08-14,15.686499999999999,1,8,0,19.216866666666665,24.726333333333333,19.512661904761906
2007-08-15,19.86433333333333,2,8,0,15.686499999999999,18.758033333333334,18.221257142857144
2007-08-16,15.974933333333333,3,8,0,19.86433333333333,17.861333333333334,18.3793
2007-08-17,16.831533333333333,4,8,0,15.974933333333333,17.1335,18.109814285714286
2007-08-18,5.799333333333333,5,8,1,16.831533333333333,18.194166666666668,18.06667619047619
2007-08-19,23.704900000000002,6,8,1,5.799333333333333,20.6984,16.295985714285713
2007-08-20,22.314033333333334,0,8,0,23.704900000000002,19.216866666666665,16.725485714285714
2007-08-21,10.709266666666668,1,8,0,22.314033333333334,15.686499999999999,17.167938095238096
2007-08-22,20.163466666666668,2,8,0,10.709266666666668,19.86433333333333,16.456904761904763
2007-08-23,18.53853333333333,3,8,0,20.163466666666668,15.974933333333333,16.499638095238094
2007-08-24,27.603566666666666,4,8,0,18.53853333333333,16.831533333333333,16.86586666666667
2007-08-25,19.181333333333335,5,8,1,27.603566666666666,5.799333333333333,18.40472857142857
2007-08-26,21.9151,6,8,1,19.181333333333335,23.704900000000002,20.316442857142857
2007-08-27,20.1955,0,8,0,21.9151,22.314033333333334,20.060757142857142
2007-08-28,16.616733333333332,1,8,0,20.1955,10.709266666666668,19.75810952380952
2007-08-29,12.466533333333333,2,8,0,16.616733333333332,20.163466666666668,20.602033333333335
2007-08-30,20.04096666666667,3,8,0,12.466533333333333,18.53853333333333,19.50247142857143
2007-08-31,21.330366666666666,4,8,0,20.04096666666667,27.603566666666666,19.71710476190476
2007-09-01,28.3581,5,9,1,21.330366666666666,19.181333333333335,18.820933333333333
2007-09-02,27.707800000000002,6,9,1,28.3581,21.9151,20.1319
2007-09-03,17.315366666666666,0,9,0,27.707800000000002,20.1955,20.95942857142857
2007-09-04,26.415733333333332,1,9,0,17.315366666666666,16.616733333333332,20.547980952380954
2007-09-05,20.60953333333333,2,9,0,26.415733333333332,12.466533333333333,21.947838095238097
2007-09-06,15.024566666666667,3,9,0,20.60953333333333,20.04096666666667,23.11112380952381
2007-09-07,22.274933333333333,4,9,0,15.024566666666667,21.330366666666666,22.394495238095235
2007-09-08,24.495866666666664,5,9,1,22.274933333333333,28.3581,22.529433333333333
2007-09-09,27.991699999999998,6,9,1,24.495866666666664,27.707800000000002,21.977685714285716
2007-09-10,18.622933333333332,0,9,0,27.991699999999998,17.315366666666666,22.018242857142855
2007-09-11,16.392866666666666,1,9,0,18.622933333333332,26.415733333333332,22.2050380952381
2007-09-12,21.462733333333333,2,9,0,16.392866666666666,20.60953333333333,20.7732
2007-09-13,19.106366666666666,3,9,0,21.462733333333333,15.024566666666667,20.89508571428571
2007-09-14,18.924500000000002,4,9,0,19.106366666666666,22.274933333333333,21.478199999999998
2007-09-15,18.2552,5,9,1,18.924500000000002,24.495866666666664,20.999566666666663
2007-09-16,27.537066666666664,6,9,1,18.2552,27.991699999999998,20.108042857142856
2007-09-17,24.353099999999998,0,9,0,27.537066666666664,18.622933333333332,20.043095238095237
2007-09-18,19.458666666666666,1,9,0,24.353099999999998,16.392866666666666,20.86169047619048
2007-09-19,21.64473333333333,2,9,0,19.458666666666666,21.462733333333333,21.299661904761905
2007-09-20,20.92553333333333,3,9,0,21.64473333333333,19.106366666666666,21.325661904761905
2007-09-21,20.646333333333335,4,9,0,20.92553333333333,18.924500000000002,21.585542857142855
2007-09-22,19.602866666666667,5,9,1,20.646333333333335,18.2552,21.831519047619047
2007-09-23,23.632833333333334,6,9,1,19.602866666666667,27.537066666666664,22.024042857142856
2007-09-24,22.575499999999998,0,9,0,23.632833333333334,24.353099999999998,21.466295238095235
2007-09-25,29.405700000000003,1,9,0,22.575499999999998,19.458666666666666,21.21235238095238
2007-09-26,30.371066666666664,2,9,0,29.405700000000003,21.64473333333333,22.633357142857143
2007-09-27,23.209999999999997,3,9,0,30.371066666666664,20.92553333333333,23.87997619047619
2007-09-28,28.008300000000002,4,9,0,23.209999999999997,20.646333333333335,24.20632857142857
2007-09-29,38.27536666666666,5,9,1,28.008300000000002,19.602866666666667,25.258038095238096
2007-09-30,25.2715,6,9,1,38.27536666666666,23.632833333333334,27.925538095238096
2007-10-01,28.682033333333333,0,10,0,25.2715,22.575499999999998,28.15963333333333
2007-10-02,36.647733333333335,1,10,0,28.682033333333333,29.405700000000003,29.031995238095238
2007-10-03,21.340899999999998,2,10,0,36.647733333333335,30.371066666666664,30.066571428571425
2007-10-04,25.307633333333335,3,10,0,21.340899999999998,23.209999999999997,28.77654761904762
2007-10-05,23.23486666666667,4,10,0,25.307633333333335,28.008300000000002,29.076209523809524
2007-10-06,29.270666666666667,5,10,1,23.23486666666667,38.27536666666666,28.39429047619048
2007-10-07,35.1019,6,10,1,29.270666666666667,25.2715,27.10790476190476
2007-10-08,18.254033333333332,0,10,0,35.1019,28.682033333333333,28.51224761904762
2007-10-09,28.130966666666666,1,10,0,18.254033333333332,36.647733333333335,27.022533333333335
2007-10-10,19.44953333333333,2,10,0,28.130966666666666,21.340899999999998,25.805852380952384
2007-10-11,28.8741,3,10,0,19.44953333333333,25.307633333333335,25.535657142857143
2007-10-12,31.908399999999997,4,10,0,28.8741,23.23486666666667,26.04515238095238
2007-10-13,32.11213333333333,5,10,1,31.908399999999997,29.270666666666667,27.28422857142857
2007-10-14,34.3542,6,10,1,32.11213333333333,35.1019,27.690152380952384
2007-10-15,21.1055,0,10,0,34.3542,18.254033333333332,27.583338095238098
2007-10-16,32.7407,1,10,0,21.1055,28.130966666666666,27.990690476190473
2007-10-17,26.28216666666667,2,10,0,32.7407,19.44953333333333,28.649223809523807
2007-10-18,25.308833333333332,3,10,0,26.28216666666667,28.8741,29.625314285714285
2007-10-19,34.7608,4,10,0,25.308833333333332,31.908399999999997,29.115990476190472
2007-10-20,27.67076666666667,5,10,1,34.7608,32.11213333333333,29.52347619047619
2007-10-21,32.36566666666667,6,10,1,27.67076666666667,34.3542,28.88899523809524
2007-10-22,27.548266666666667,0,10,0,32.36566666666667,21.1055,28.604919047619045
2007-10-23,32.577466666666666,1,10,0,27.548266666666667,32.7407,29.52531428571429
2007-10-24,31.093933333333332,2,10,0,32.577466666666666,26.28216666666667,29.50199523809524
2007-10-25,30.898633333333333,3,10,0,31.093933333333332,25.308833333333332,30.189390476190475
2007-10-26,23.959466666666668,4,10,0,30.898633333333333,34.7608,30.987933333333334
2007-10-27,29.761466666666667,5,10,1,23.959466666666668,27.67076666666667,29.444885714285714
2007-10-28,8.535966666666667,6,10,1,29.761466666666667,32.36566666666667,29.743557142857146
2007-10-29,9.090466666666666,0,10,0,8.535966666666667,27.548266666666667,26.339314285714288
2007-10-30,13.5168,1,10,0,9.090466666666666,32.577466666666666,23.70248571428571
2007-10-31,21.386833333333335,2,10,0,13.5168,31.093933333333332,20.979533333333332
2007-11-01,8.270266666666666,3,11,0,21.386833333333335,30.898633333333333,19.592804761904763
2007-11-02,24.060033333333333,4,11,0,8.270266666666666,23.959466666666668,16.360180952380954
2007-11-03,8.209166666666667,5,11,1,24.060033333333333,29.761466666666667,16.374547619047622
2007-11-04,24.761433333333333,6,11,1,8.209166666666667,8.535966666666667,13.29564761904762
2007-11-05,25.009866666666667,0,11,0,24.761433333333333,9.090466666666666,15.61357142857143
2007-11-06,34.706300000000006,1,11,0,25.009866666666667,13.5168,17.88777142857143
2007-11-07,30.745966666666668,2,11,0,34.706300000000006,21.386833333333335,20.914842857142855
2007-11-08,25.017666666666667,3,11,0,30.745966666666668,8.270266666666666,22.251861904761906
2007-11-09,36.1871,4,11,0,25.017666666666667,24.060033333333333,24.64434761904762
2007-11-10,43.526666666666664,5,11,1,36.1871,8.209166666666667,26.376785714285717
2007-11-11,31.452066666666667,6,11,1,43.526666666666664,24.761433333333333,31.42214285714286
2007-11-12,35.93576666666667,0,11,0,31.452066666666667,25.009866666666667,32.377947619047625
2007-11-13,36.90663333333334,1,11,0,35.93576666666667,34.706300000000006,33.938790476190476
2007-11-14,34.13323333333333,2,11,0,36.90663333333334,30.745966666666668,34.253123809523814
2007-11-15,24.866466666666668,3,11,0,34.13323333333333,25.017666666666667,34.73701904761905
2007-11-16,38.4959,4,11,0,24.866466666666668,36.1871,34.71541904761905
2007-11-17,43.50156666666667,5,11,1,38.4959,43.526666666666664,35.04524761904762
2007-11-18,36.39763333333334,6,11,1,43.50156666666667,31.452066666666667,35.0416619047619
2007-11-19,28.727566666666668,0,11,0,36.39763333333334,35.93576666666667,35.74817142857143
2007-11-20,34.930933333333336,1,11,0,28.727566666666668,36.90663333333334,34.71842857142857
2007-11-21,29.197266666666668,2,11,0,34.930933333333336,34.13323333333333,34.43618571428571
2007-11-22,32.2063,3,11,0,29.197266666666668,24.866466666666668,33.73104761904762
2007-11-23,42.04363333333333,4,11,0,32.2063,38.4959,34.77959523809524
2007-11-24,31.6509,5,11,1,42.04363333333333,43.50156666666667,35.28641428571429
2007-11-25,23.259966666666667,6,11,1,31.6509,36.39763333333334,33.5934619047619
2007-11-26,26.16193333333333,0,11,0,23.259966666666667,28.727566666666668,31.716652380952382
2007-11-27,46.68353333333334,1,11,0,26.16193333333333,34.930933333333336,31.350133333333332
2007-11-28,27.415666666666667,2,11,0,46.68353333333334,29.197266666666668,33.02907619047619
2007-11-29,28.653833333333335,3,11,0,27.415666666666667,32.2063,32.7745619047619
2007-11-30,38.86213333333333,4,11,0,28.653833333333335,42.04363333333333,32.267066666666665
2007-12-01,52.24903333333334,5,12,1,38.86213333333333,31.6509,31.81256666666667
2007-12-02,49.10313333333333,6,12,1,52.24903333333334,23.259966666666667,34.75515714285714
2007-12-03,29.367666666666665,0,12,0,49.10313333333333,26.16193333333333,38.4470380952381
2007-12-04,34.4606,1,12,0,29.367666666666665,46.68353333333334,38.904999999999994
2007-12-05,35.88533333333333,2,12,0,34.4606,27.415666666666667,37.15886666666666
2007-12-06,41.46556666666667,3,12,0,35.88533333333333,28.653833333333335,38.36881904761905
2007-12-07,29.483600000000003,4,12,0,41.46556666666667,38.86213333333333,40.19906666666667
2007-12-08,36.89006666666667,5,12,1,29.483600000000003,52.24903333333334,38.85927619047619
2007-12-09,37.90973333333333,6,12,1,36.89006666666667,49.10313333333333,36.66513809523809
2007-12-10,29.312566666666665,0,12,0,37.90973333333333,29.367666666666665,35.06608095238095
2007-12-11,38.4184,1,12,0,29.312566666666665,34.4606,35.05820952380952
2007-12-12,26.467699999999997,2,12,0,38.4184,35.88533333333333,35.62360952380952
2007-12-13,30.79576666666667,3,12,0,26.467699999999997,41.46556666666667,34.27823333333334
2007-12-14,32.913466666666665,4,12,0,30.79576666666667,29.483600000000003,32.75397619047619
2007-12-15,45.6146,5,12,1,32.913466666666665,36.89006666666667,33.24395714285714
2007-12-16,46.036966666666665,6,12,1,45.6146,37.90973333333333,34.490319047619046
2007-12-17,29.9511,0,12,0,46.036966666666665,29.312566666666665,35.65135238095238
2007-12-18,43.7199,1,12,0,29.9511,38.4184,35.742571428571424
2007-12-19,36.60086666666667,2,12,0,43.7199,26.467699999999997,36.499928571428576
2007-12-20,32.49596666666667,3,12,0,36.60086666666667,30.79576666666667,37.94752380952381
2007-12-21,33.04293333333333,4,12,0,32.49596666666667,32.913466666666665,38.19040952380953
2007-12-22,43.52106666666667,5,12,1,33.04293333333333,45.6146,38.20890476190476
2007-12-23,40.1508,6,12,1,43.52106666666667,46.036966666666665,37.90982857142858
2007-12-24,37.6308,0,12,0,40.1508,29.9511,37.06894761904762
2007-12-25,44.91613333333333,1,12,0,37.6308,43.7199,38.16604761904762
2007-12-26,43.00466666666667,2,12,0,44.91613333333333,36.60086666666667,38.3369380952381
2007-12-27,42.2033,3,12,0,43.00466666666667,32.49596666666667,39.25176666666666
2007-12-28,51.8842,4,12,0,42.2033,33.04293333333333,40.63852857142857
2007-12-29,54.982600000000005,5,12,1,51.8842,43.52106666666667,43.3301380952381
2007-12-30,42.6486,6,12,1,54.982600000000005,40.1508,44.967499999999994
2007-12-31,36.942366666666665,0,12,0,42.6486,37.6308,45.32432857142857
2008-01-01,45.99563333333333,1,1,0,36.942366666666665,44.91613333333333,45.22598095238096
2008-01-02,27.401766666666667,2,1,0,45.99563333333333,43.00466666666667,45.38019523809525
2008-01-03,25.168466666666667,3,1,0,27.401766666666667,42.2033,43.15120952380952
2008-01-04,38.19753333333333,4,1,0,25.168466666666667,51.8842,40.717661904761904
2008-01-05,36.38746666666667,5,1,1,38.19753333333333,54.982600000000005,38.76242380952381
2008-01-06,30.419733333333333,6,1,1,36.38746666666667,42.6486,36.10597619047619
2008-01-07,28.26356666666667,0,1,0,30.419733333333333,36.942366666666665,34.35899523809524
2008-01-08,34.05916666666666,1,1,0,28.26356666666667,45.99563333333333,33.119166666666665
2008-01-09,29.807333333333336,2,1,0,34.05916666666666,27.401766666666667,31.413957142857146
2008-01-10,31.567933333333333,3,1,0,29.807333333333336,25.168466666666667,31.757609523809524
2008-01-11,28.4303,4,1,0,31.567933333333333,38.19753333333333,32.67181904761905
2008-01-12,47.8568,5,1,1,28.4303,36.38746666666667,31.2765
2008-01-13,48.0276,6,1,1,47.8568,30.419733333333333,32.91497619047619
2008-01-14,33.748866666666665,0,1,0,48.0276,28.26356666666667,35.43038571428571
2008-01-15,44.781866666666666,1,1,0,33.748866666666665,34.05916666666666,36.214
2008-01-16,35.59753333333333,2,1,0,44.781866666666666,29.807333333333336,37.74581428571428
2008-01-17,26.2047,3,1,0,35.59753333333333,31.567933333333333,38.572985714285714
2008-01-18,36.449799999999996,4,1,0,26.2047,28.4303,37.80680952380953
2008-01-19,33.0051,5,1,1,36.449799999999996,47.8568,38.95245238095237
2008-01-20,29.00613333333333,6,1,1,33.0051,48.0276,36.830780952380955
2008-01-21,30.9833,0,1,0,29.00613333333333,33.748866666666665,34.11342857142857
2008-01-22,38.7503,1,1,0,30.9833,44.781866666666666,33.71834761904761
2008-01-23,31.3718,2,1,0,38.7503,35.59753333333333,32.856695238095234
2008-01-24,27.417033333333332,3,1,0,31.3718,26.2047,32.25301904761905
2008-01-25,37.330933333333334,4,1,0,27.417033333333332,36.449799999999996,32.426209523809526
2008-01-26,47.2498,5,1,1,37.330933333333334,33.0051,32.55208571428572
2008-01-27,39.6961,6,1,1,47.2498,29.00613333333333,34.587042857142855
2008-01-28,38.46993333333333,0,1,0,39.6961,30.9833,36.11418095238095
2008-01-29,44.6004,1,1,0,38.46993333333333,38.7503,37.1837
2008-01-30,27.3441,2,1,0,44.6004,31.3718,38.01942857142857
2008-01-31,32.56536666666667,3,1,0,27.3441,27.417033333333332,37.444042857142854
2008-02-01,25.577533333333335,4,2,0,32.56536666666667,37.330933333333334,38.179519047619046
2008-02-02,48.9339,5,2,1,25.577533333333335,47.2498,36.500461904761906
2008-02-03,34.7428,6,2,1,48.9339,39.6961,36.74104761904762
2008-02-04,27.13563333333333,0,2,0,34.7428,38.46993333333333,36.033433333333335
2008-02-05,41.2076,1,2,0,27.13563333333333,44.6004,34.41424761904762
2008-02-06,27.825666666666667,2,2,0,41.2076,27.3441,33.929561904761904
2008-02-07,25.305166666666665,3,2,0,27.825666666666667,32.56536666666667,33.998357142857145
2008-02-08,32.5094,4,2,0,25.305166666666665,25.577533333333335,32.96118571428571
2008-02-09,35.03793333333333,5,2,1,32.5094,48.9339,33.95145238095238
2008-02-10,36.411899999999996,6,2,1,35.03793333333333,34.7428,31.966314285714283
2008-02-11,28.200266666666668,0,2,0,36.411899999999996,27.13563333333333,32.20475714285714
2008-02-12,33.12996666666667,1,2,0,28.200266666666668,41.2076,32.35684761904762
2008-02-13,31.674966666666666,2,2,0,33.12996666666667,27.825666666666667,31.2029
2008-02-14,26.7437,3,2,0,31.674966666666666,25.305166666666665,31.7528
2008-02-15,33.42013333333333,4,2,0,26.7437,32.5094,31.958304761904763
2008-02-16,39.1158,5,2,1,33.42013333333333,35.03793333333333,32.088409523809524
2008-02-17,32.2228,6,2,1,39.1158,36.411899999999996,32.6709619047619
2008-02-18,25.240066666666667,0,2,0,32.2228,28.200266666666668,32.072519047619046
2008-02-19,35.448600000000006,1,2,0,25.240066666666667,33.12996666666667,31.64963333333333
2008-02-20,37.56316666666667,2,2,0,35.448600000000006,31.674966666666666,31.980866666666664
2008-02-21,27.230833333333333,3,2,0,37.56316666666667,26.7437,32.82203809523809
2008-02-22,28.876066666666667,4,2,0,27.230833333333333,33.42013333333333,32.89162857142857
2008-02-23,30.566166666666668,5,2,1,28.876066666666667,39.1158,32.24247619047619
2008-02-24,21.050133333333335,6,2,1,30.566166666666668,32.2228,31.0211
2008-02-25,8.408133333333334,0,2,0,21.050133333333335,25.240066666666667,29.425004761904763
2008-02-26,8.452,1,2,0,8.408133333333334,35.448600000000006,27.020442857142857
2008-02-27,9.445333333333334,2,2,0,8.452,37.56316666666667,23.163785714285716
2008-02-28,8.4864,3,2,0,9.445333333333334,27.230833333333333,19.146952380952378
2008-02-29,22.222466666666666,4,2,0,8.4864,28.876066666666667,16.46917619047619
2008-03-01,19.031266666666667,5,3,1,22.222466666666666,30.566166666666668,15.518661904761904
2008-03-02,19.370433333333335,6,3,1,19.031266666666667,21.050133333333335,13.87081904761905
2008-03-03,17.342499999999998,0,3,0,19.370433333333335,8.408133333333334,13.630861904761904
2008-03-04,27.8165,1,3,0,17.342499999999998,8.452,14.9072
2008-03-05,33.95346666666667,2,3,0,27.8165,9.445333333333334,17.673557142857142
2008-03-06,41.72013333333334,3,3,0,33.95346666666667,8.4864,21.174719047619046
2008-03-07,31.049266666666664,4,3,0,41.72013333333334,22.222466666666666,25.92239523809524
2008-03-08,37.477666666666664,5,3,1,31.049266666666664,19.031266666666667,27.183366666666668
2008-03-09,26.007633333333334,6,3,1,37.477666666666664,19.370433333333335,29.81856666666667
2008-03-10,26.978099999999998,0,3,0,26.007633333333334,17.342499999999998,30.766738095238093
2008-03-11,36.667366666666666,1,3,0,26.978099999999998,27.8165,32.14325238095238
2008-03-12,29.570533333333334,2,3,0,36.667366666666666,33.95346666666667,33.4076619047619
2008-03-13,27.92523333333333,3,3,0,29.570533333333334,41.72013333333334,32.781528571428574
2008-03-14,36.836999999999996,4,3,0,27.92523333333333,31.049266666666664,30.81082857142857
2008-03-15,26.271666666666665,5,3,1,36.836999999999996,37.477666666666664,31.637647619047616
2008-03-16,30.032666666666668,6,3,1,26.271666666666665,26.007633333333334,30.036790476190475
2008-03-17,28.448633333333337,0,3,0,30.032666666666668,26.978099999999998,30.611795238095233
2008-03-18,31.959433333333333,1,3,0,28.448633333333337,36.667366666666666,30.821871428571427
2008-03-19,21.807466666666667,2,3,0,31.959433333333333,29.570533333333334,30.149309523809524
2008-03-20,20.887900000000002,3,3,0,21.807466666666667,27.92523333333333,29.0403
2008-03-21,34.4407,4,3,0,20.887900000000002,36.836999999999996,28.034966666666666
2008-03-22,34.22526666666667,5,3,1,34.4407,26.271666666666665,27.692638095238095
2008-03-23,38.76649999999999,6,3,1,34.22526666666667,30.032666666666668,28.828866666666666
2008-03-24,32.91113333333333,0,3,0,38.76649999999999,28.448633333333337,30.076557142857148
2008-03-25,33.5976,1,3,0,32.91113333333333,31.959433333333333,30.71405714285714
2008-03-26,27.224533333333333,2,3,0,33.5976,21.807466666666667,30.948080952380952
2008-03-27,22.847033333333336,3,3,0,27.224533333333333,20.887900000000002,31.72194761904762
2008-03-28,31.423733333333335,4,3,0,22.847033333333336,34.4407,32.001823809523806
2008-03-29,41.185833333333335,5,3,1,31.423733333333335,34.22526666666667,31.57082857142857
2008-03-30,35.773199999999996,6,3,1,41.185833333333335,38.76649999999999,32.565195238095235
2008-03-31,22.9595,0,3,0,35.773199999999996,32.91113333333333,32.13758095238095
2008-04-01,35.4842,1,4,0,22.9595,33.5976,30.71591904761905
2008-04-02,28.194533333333332,2,4,0,35.4842,27.224533333333333,30.985433333333333
2008-04-03,18.8126,3,4,0,28.194533333333332,22.847033333333336,31.12400476190476
2008-04-04,27.19863333333333,4,4,0,18.8126,31.423733333333335,30.54765714285714
2008-04-05,32.84603333333333,5,4,1,27.19863333333333,41.185833333333335,29.944071428571426
2008-04-06,28.271966666666668,6,4,1,32.84603333333333,35.773199999999996,28.75267142857143
2008-04-07,25.647299999999998,0,4,0,28.271966666666668,22.9595,27.681066666666663
2008-04-08,44.29193333333333,1,4,0,25.647299999999998,35.4842,28.065038095238094
2008-04-09,20.314200000000003,2,4,0,44.29193333333333,28.194533333333332,29.323285714285714
2008-04-10,24.6291,3,4,0,20.314200000000003,18.8126,28.19752380952381
2008-04-11,31.2944,4,4,0,24.6291,27.19863333333333,29.02845238095238
2008-04-12,46.666900000000005,5,4,1,31.2944,32.84603333333333,29.613561904761905
2008-04-13,37.216433333333335,6,4,1,46.666900000000005,28.271966666666668,31.58797142857143
2008-04-14,26.493033333333333,0,4,0,37.216433333333335,25.647299999999998,32.86575238095238
2008-04-15,27.8401,1,4,0,26.493033333333333,44.29193333333333,32.98657142857143
2008-04-16,24.817733333333333,2,4,0,27.8401,20.314200000000003,30.636309523809526
2008-04-17,23.264366666666668,3,4,0,24.817733333333333,24.6291,31.27967142857143
2008-04-18,31.039833333333334,4,4,0,23.264366666666668,31.2944,31.084709523809526
2008-04-19,37.56183333333333,5,4,1,31.039833333333334,46.666900000000005,31.048342857142853
2008-04-20,29.856966666666665,6,4,1,37.56183333333333,37.216433333333335,29.747619047619047
2008-04-21,19.4026,0,4,0,29.856966666666665,26.493033333333333,28.696266666666666
2008-04-22,27.12793333333333,1,4,0,19.4026,27.8401,27.68334761904762
2008-04-23,22.622133333333334,2,4,0,27.12793333333333,24.817733333333333,27.581609523809522
2008-04-24,17.3962,3,4,0,22.622133333333334,23.264366666666668,27.26795238095238
2008-04-25,21.128899999999998,4,4,0,17.3962,31.039833333333334,26.429642857142856
2008-04-26,15.052766666666667,5,4,1,21.128899999999998,37.56183333333333,25.013795238095238
2008-04-27,16.804,6,4,1,15.052766666666667,29.856966666666665,21.798214285714288
2008-04-28,10.9842,0,4,0,16.804,19.4026,19.933504761904764
2008-04-29,32.876933333333334,1,4,0,10.9842,27.12793333333333,18.730876190476188
2008-04-30,18.362099999999998,2,4,0,32.876933333333334,22.622133333333334,19.552161904761906
2008-05-01,9.600233333333334,3,5,0,18.362099999999998,17.3962,18.943585714285714
2008-05-02,24.9628,4,5,0,9.600233333333334,21.128899999999998,17.82987619047619
2008-05-03,21.493333333333332,5,5,1,24.9628,15.052766666666667,18.37757619047619
2008-05-04,24.516166666666667,6,5,1,21.493333333333332,16.804,19.29765714285714
2008-05-05,22.7822,0,5,0,24.516166666666667,10.9842,20.399395238095234
2008-05-06,29.833000000000002,1,5,0,22.7822,32.876933333333334,22.08482380952381
2008-05-07,19.6044,2,5,0,29.833000000000002,18.362099999999998,21.649976190476192
2008-05-08,35.278299999999994,3,5,0,19.6044,9.600233333333334,21.82744761904762
2008-05-09,29.121199999999998,4,5,0,35.278299999999994,24.9628,25.495742857142854
2008-05-10,31.8188,5,5,1,29.121199999999998,21.493333333333332,26.089799999999997
2008-05-11,26.848666666666666,6,5,1,31.8188,24.516166666666667,27.564866666666667
2008-05-12,25.403399999999998,0,5,0,26.848666666666666,22.7822,27.89808095238095
2008-05-13,24.6149,1,5,0,25.403399999999998,29.833000000000002,28.272538095238094
2008-05-14,26.404366666666665,2,5,0,24.6149,19.6044,27.527095238095235
2008-05-15,19.379466666666666,3,5,0,26.404366666666665,35.278299999999994,28.498519047619045
2008-05-16,27.467166666666667,4,5,0,19.379466666666666,29.121199999999998,26.227257142857137
2008-05-17,27.624233333333333,5,5,1,27.467166666666667,31.8188,25.99096666666666
2008-05-18,30.065966666666668,6,5,1,27.624233333333333,26.848666666666666,25.39174285714285
2008-05-19,17.171033333333334,0,5,0,30.065966666666668,25.403399999999998,25.851357142857143
2008-05-20,26.355566666666668,1,5,0,17.171033333333334,24.6149,24.675304761904762
2008-05-21,22.068533333333335,2,5,0,26.355566666666668,26.404366666666665,24.923971428571427
2008-05-22,16.281133333333333,3,5,0,22.068533333333335,19.379466666666666,24.304566666666666
2008-05-23,24.7486,4,5,0,16.281133333333333,27.467166666666667,23.86194761904762
2008-05-24,26.336266666666667,5,5,1,24.7486,27.624233333333333,23.473580952380953
2008-05-25,34.141733333333335,6,5,1,26.336266666666667,30.065966666666668,23.289585714285717
2008-05-26,21.495166666666666,0,5,0,34.141733333333335,17.171033333333334,23.871838095238097
2008-05-27,28.478333333333335,1,5,0,21.495166666666666,26.355566666666668,24.489571428571427
2008-05-28,18.572866666666666,2,5,0,28.478333333333335,22.068533333333335,24.792823809523814
2008-05-29,18.917933333333334,3,5,0,18.572866666666666,16.281133333333333,24.293442857142857
2008-05-30,23.287399999999998,4,5,0,18.917933333333334,24.7486,24.67012857142857
2008-05-31,27.357833333333335,5,5,1,23.287399999999998,26.336266666666667,24.46138571428571
2008-06-01,30.8146,6,6,1,27.357833333333335,34.141733333333335,24.607323809523812
2008-06-02,17.900199999999998,0,6,0,30.8146,21.495166666666666,24.132019047619046
2008-06-03,26.630266666666667,1,6,0,17.900199999999998,28.478333333333335,23.618452380952384
2008-06-04,26.48186666666667,2,6,0,26.630266666666667,18.572866666666666,23.35444285714286
2008-06-05,18.667966666666665,3,6,0,26.48186666666667,18.917933333333334,24.4843
2008-06-06,20.295233333333332,4,6,0,18.667966666666665,23.287399999999998,24.448590476190475
2008-06-07,31.37473333333333,5,6,1,20.295233333333332,27.357833333333335,24.021138095238097
2008-06-08,25.705366666666666,6,6,1,31.37473333333333,30.8146,24.59498095238095
2008-06-09,22.094966666666668,0,6,0,25.705366666666666,17.900199999999998,23.865090476190478
2008-06-10,17.78483333333333,1,6,0,22.094966666666668,26.630266666666667,24.464342857142857
2008-06-11,18.7201,2,6,0,17.78483333333333,26.48186666666667,23.200709523809525
2008-06-12,20.98886666666667,3,6,0,18.7201,18.667966666666665,22.091885714285713
2008-06-13,31.238,4,6,0,20.98886666666667,20.295233333333332,22.423442857142856
2008-06-14,23.082,5,6,1,31.238,31.37473333333333,23.986695238095233
2008-06-15,38.1517,6,6,1,23.082,25.705366666666666,22.802019047619048
2008-06-16,21.7174,0,6,0,38.1517,22.094966666666668,24.58006666666667
2008-06-17,19.084733333333336,1,6,0,21.7174,17.78483333333333,24.526128571428575
2008-06-18,31.560133333333333,2,6,0,19.084733333333336,18.7201,24.711828571428576
2008-06-19,26.46803333333333,3,6,0,31.560133333333333,20.98886666666667,26.546119047619047
2008-06-20,27.935066666666668,4,6,0,26.46803333333333,31.238,27.328857142857146
2008-06-21,28.90423333333333,5,6,1,27.935066666666668,23.082,26.857009523809527
2008-06-22,26.106933333333334,6,6,1,28.90423333333333,38.1517,27.68875714285714
2008-06-23,20.863266666666668,0,6,0,26.106933333333334,21.7174,25.968076190476193
2008-06-24,29.240866666666665,1,6,0,20.863266666666668,19.084733333333336,25.84605714285714
2008-06-25,21.0295,2,6,0,29.240866666666665,31.560133333333333,27.29693333333333
2008-06-26,17.60033333333333,3,6,0,21.0295,26.46803333333333,25.792557142857138
2008-06-27,29.252533333333336,4,6,0,17.60033333333333,27.935066666666668,24.525742857142856
2008-06-28,20.146666666666665,5,6,1,29.252533333333336,28.90423333333333,24.713952380952378
2008-06-29,12.4892,6,6,1,20.146666666666665,26.106933333333334,23.46287142857143
2008-06-30,13.403266666666667,0,6,0,12.4892,20.863266666666668,21.517480952380954
2008-07-01,20.254,1,7,0,13.403266666666667,29.240866666666665,20.451766666666668
2008-07-02,19.120033333333332,2,7,0,20.254,21.0295,19.167928571428572
2008-07-03,18.305999999999997,3,7,0,19.120033333333332,17.60033333333333,18.895147619047616
2008-07-04,15.700333333333333,4,7,0,18.305999999999997,29.252533333333336,18.995957142857144
2008-07-05,24.4848,5,7,1,15.700333333333333,20.146666666666665,17.05992857142857
2008-07-06,30.084400000000002,6,7,1,24.4848,12.4892,17.679661904761904
2008-07-07,16.389833333333332,0,7,0,30.084400000000002,13.403266666666667,20.193261904761904
2008-07-08,18.770233333333334,1,7,0,16.389833333333332,20.254,20.619914285714287
2008-07-09,15.321966666666667,2,7,0,18.770233333333334,19.120033333333332,20.407947619047615
2008-07-10,20.8546,3,7,0,15.321966666666667,18.305999999999997,19.865366666666667
2008-07-11,20.903599999999997,4,7,0,20.8546,15.700333333333333,20.22945238095238
2008-07-12,22.147533333333335,5,7,1,20.903599999999997,24.4848,20.972776190476193
2008-07-13,20.895899999999997,6,7,1,22.147533333333335,30.084400000000002,20.638880952380955
2008-07-14,18.965433333333333,0,7,0,20.895899999999997,16.389833333333332,19.326238095238093
2008-07-15,19.264333333333333,1,7,0,18.965433333333333,18.770233333333334,19.69418095238095
2008-07-16,17.95103333333333,2,7,0,19.264333333333333,15.321966666666667,19.764766666666667
2008-07-17,21.985366666666668,3,7,0,17.95103333333333,20.8546,20.140347619047617
2008-07-18,21.026400000000002,4,7,0,21.985366666666668,20.903599999999997,20.30188571428571
2008-07-19,22.400233333333333,5,7,1,21.026400000000002,22.147533333333335,20.319428571428574
2008-07-20,15.692233333333332,6,7,1,22.400233333333333,20.895899999999997,20.35552857142857
2008-07-21,19.274633333333334,0,7,0,15.692233333333332,18.965433333333333,19.61214761904762
2008-07-22,12.337366666666666,1,7,0,19.274633333333334,19.264333333333333,19.656319047619046
2008-07-23,15.7105,2,7,0,12.337366666666666,17.95103333333333,18.66675238095238
2008-07-24,18.22416666666667,3,7,0,15.7105,21.985366666666668,18.34667619047619
2008-07-25,14.425566666666667,4,7,0,18.22416666666667,21.026400000000002,17.809361904761904
2008-07-26,13.594733333333332,5,7,1,14.425566666666667,22.400233333333333,16.866385714285716
2008-07-27,19.123266666666666,6,7,1,13.594733333333332,15.692233333333332,15.608457142857143
2008-07-28,13.763399999999999,0,7,0,19.123266666666666,19.274633333333334,16.098604761904763
2008-07-29,19.442633333333333,1,7,0,13.763399999999999,12.337366666666666,15.311285714285715
2008-07-30,21.665133333333333,2,7,0,19.442633333333333,15.7105,16.32632380952381
2008-07-31,23.21063333333333,3,7,0,21.665133333333333,18.22416666666667,17.176985714285713
2008-08-01,12.326266666666667,4,8,0,23.21063333333333,14.425566666666667,17.889338095238095
2008-08-02,8.4296,5,8,1,12.326266666666667,13.594733333333332,17.589438095238094
2008-08-03,8.413033333333333,6,8,1,8.4296,19.123266666666666,16.8515619047619
2008-08-04,18.765333333333334,0,8,0,8.413033333333333,13.763399999999999,15.321528571428571
2008-08-05,13.785300000000001,1,8,0,18.765333333333334,19.442633333333333,16.036090476190477
2008-08-06,5.4352,2,8,0,13.785300000000001,21.665133333333333,15.2279
2008-08-07,5.5814,3,8,0,5.4352,23.21063333333333,12.909338095238096
2008-08-08,5.036666666666666,4,8,0,5.5814,12.326266666666667,10.390876190476192
2008-08-09,5.982066666666666,5,8,1,5.036666666666666,8.4296,9.349504761904763
2008-08-10,5.8671999999999995,6,8,1,5.982066666666666,8.413033333333333,8.999857142857143
2008-08-11,6.1986,0,8,0,5.8671999999999995,18.765333333333334,8.636166666666666
2008-08-12,4.8164,1,8,0,6.1986,13.785300000000001,6.840919047619047
2008-08-13,4.709733333333333,2,8,0,4.8164,5.4352,5.5596476190476185
2008-08-14,4.5043,3,8,0,4.709733333333333,5.5814,5.456009523809523
2008-08-15,4.5609,4,8,0,4.5043,5.036666666666666,5.302138095238095
2008-08-16,4.580233333333334,5,8,1,4.5609,5.982066666666666,5.234171428571428
2008-08-17,4.579933333333333,6,8,1,4.580233333333334,5.8671999999999995,5.033909523809524
2008-08-18,4.562633333333333,0,8,0,4.579933333333333,6.1986,4.850014285714286
2008-08-19,4.5782,1,8,0,4.562633333333333,4.8164,4.616304761904762
2008-08-20,4.474533333333333,2,8,0,4.5782,4.709733333333333,4.582276190476191
2008-08-21,4.354966666666667,3,8,0,4.474533333333333,4.5043,4.548676190476191
2008-08-22,4.452066666666667,4,8,0,4.354966666666667,4.5609,4.527342857142857
2008-08-23,4.244033333333333,5,8,1,4.452066666666667,4.580233333333334,4.511795238095238
2008-08-24,4.245266666666667,6,8,1,4.244033333333333,4.579933333333333,4.463766666666666
2008-08-25,4.171633333333333,0,8,0,4.245266666666667,4.562633333333333,4.415957142857143
2008-08-26,4.2927333333333335,1,8,0,4.171633333333333,4.5782,4.3601
2008-08-27,4.3019,2,8,0,4.2927333333333335,4.474533333333333,4.3193190476190475
2008-08-28,4.470766666666666,3,8,0,4.3019,4.354966666666667,4.294657142857143
2008-08-29,4.4598,4,8,0,4.470766666666666,4.452066666666667,4.3112
2008-08-30,4.507066666666666,5,8,1,4.4598,4.244033333333333,4.312304761904762
2008-08-31,25.010233333333336,6,8,1,4.507066666666666,4.245266666666667,4.3498809523809525
2008-09-01,20.791833333333333,0,9,0,25.010233333333336,4.171633333333333,7.316304761904762
2008-09-02,23.069233333333333,1,9,0,20.791833333333333,4.2927333333333335,9.690619047619048
2008-09-03,23.141433333333335,2,9,0,23.069233333333333,4.3019,12.37297619047619
2008-09-04,20.420333333333335,3,9,0,23.141433333333335,4.470766666666666,15.064338095238096
2008-09-05,14.566,4,9,0,20.420333333333335,4.4598,17.34284761904762
2008-09-06,31.1429,5,9,1,14.566,4.507066666666666,18.786590476190476
2008-09-07,22.877599999999997,6,9,1,31.1429,25.010233333333336,22.591709523809527
2008-09-08,21.822066666666668,0,9,0,22.877599999999997,20.791833333333333,22.28704761904762
2008-09-09,19.327566666666666,1,9,0,21.822066666666668,23.069233333333333,22.43422380952381
2008-09-10,21.679399999999998,2,9,0,19.327566666666666,23.141433333333335,21.8997
2008-09-11,17.145233333333334,3,9,0,21.679399999999998,20.420333333333335,21.690838095238096
2008-09-12,23.212699999999998,4,9,0,17.145233333333334,14.566,21.22296666666666
2008-09-13,27.1906,5,9,1,23.212699999999998,31.1429,22.458209523809526
2008-09-14,26.272100000000002,6,9,1,27.1906,22.877599999999997,21.893595238095237
2008-09-15,28.295133333333336,0,9,0,26.272100000000002,21.822066666666668,22.37852380952381
2008-09-16,20.36436666666667,1,9,0,28.295133333333336,19.327566666666666,23.303247619047617
2008-09-17,25.32016666666667,2,9,0,20.36436666666667,21.679399999999998,23.451361904761907
2008-09-18,25.088166666666666,3,9,0,25.32016666666667,17.145233333333334,23.97147142857143
2008-09-19,25.3141,4,9,0,25.088166666666666,23.212699999999998,25.10617619047619
2008-09-20,21.743333333333332,5,9,1,25.3141,27.1906,25.40637619047619
2008-09-21,25.551166666666667,6,9,1,21.743333333333332,26.272100000000002,24.628195238095238
2008-09-22,22.642733333333336,0,9,0,25.551166666666667,28.295133333333336,24.525204761904764
2008-09-23,20.546466666666667,1,9,0,22.642733333333336,20.36436666666667,23.717719047619052
2008-09-24,28.639166666666664,2,9,0,20.546466666666667,25.32016666666667,23.74373333333333
2008-09-25,18.853666666666665,3,9,0,28.639166666666664,25.088166666666666,24.217876190476193
2008-09-26,23.8575,4,9,0,18.853666666666665,25.3141,23.327233333333336
2008-09-27,35.457433333333334,5,9,1,23.8575,21.743333333333332,23.11914761904762
2008-09-28,28.851733333333335,6,9,1,35.457433333333334,25.551166666666667,25.078304761904764
2008-09-29,25.02896666666667,0,9,0,28.851733333333335,22.642733333333336,25.549814285714287
2008-09-30,22.916766666666668,1,9,0,25.02896666666667,20.546466666666667,25.89070476190476
2008-10-01,31.20606666666667,2,10,0,22.916766666666668,28.639166666666664,26.229319047619047
2008-10-02,22.42236666666667,3,10,0,31.20606666666667,18.853666666666665,26.59601904761905
2008-10-03,26.87633333333333,4,10,0,22.42236666666667,23.8575,27.105833333333333
2008-10-04,35.00826666666667,5,10,1,26.87633333333333,35.457433333333334,27.53709523809524
2008-10-05,25.8325,6,10,1,35.00826666666667,28.851733333333335,27.47292857142857
2008-10-06,23.729699999999998,0,10,0,25.8325,25.02896666666667,27.041609523809523
2008-10-07,28.776133333333334,1,10,0,23.729699999999998,22.916766666666668,26.856
2008-10-08,31.0096,2,10,0,28.776133333333334,31.20606666666667,27.693052380952384
2008-10-09,33.061366666666665,3,10,0,31.0096,22.42236666666667,27.664985714285713
2008-10-10,25.305633333333333,4,10,0,33.061366666666665,26.87633333333333,29.184842857142854
2008-10-11,27.8231,5,10,1,25.305633333333333,35.00826666666667,28.96045714285714
2008-10-12,31.799,6,10,1,27.8231,25.8325,27.93400476190476
2008-10-13,24.366266666666665,0,10,0,31.799,23.729699999999998,28.786361904761907
2008-10-14,26.817600000000002,1,10,0,24.366266666666665,28.776133333333334,28.877299999999998
2008-10-15,35.94826666666667,2,10,0,26.817600000000002,31.0096,28.597509523809524
2008-10-16,26.39466666666667,3,10,0,35.94826666666667,33.061366666666665,29.303033333333335
2008-10-17,31.114766666666664,4,10,0,26.39466666666667,25.305633333333333,28.350647619047624
2008-10-18,37.319833333333335,5,10,1,31.114766666666664,27.8231,29.18052380952381
2008-10-19,32.865566666666666,6,10,1,37.319833333333335,31.799,30.537200000000002
2008-10-20,27.79256666666667,0,10,0,32.865566666666666,24.366266666666665,30.689566666666668
2008-10-21,34.395266666666664,1,10,0,27.79256666666667,26.817600000000002,31.179038095238095
2008-10-22,27.4335,2,10,0,34.395266666666664,35.94826666666667,32.261561904761905
2008-10-23,30.508233333333333,3,10,0,27.4335,26.39466666666667,31.045166666666667
2008-10-24,35.55376666666667,4,10,0,30.508233333333333,31.114766666666664,31.632819047619048
2008-10-25,25.385933333333334,5,10,1,35.55376666666667,37.319833333333335,32.26696190476191
2008-10-26,8.724866666666665,6,10,1,25.385933333333334,32.865566666666666,30.562119047619046
2008-10-27,8.731533333333335,0,10,0,8.724866666666665,27.79256666666667,27.113447619047616
2008-10-28,22.1215,1,10,0,8.731533333333335,34.395266666666664,24.390442857142858
2008-10-29,26.876266666666666,2,10,0,22.1215,27.4335,22.637047619047618
2008-10-30,18.31,3,10,0,26.876266666666666,30.508233333333333,22.55744285714286
2008-10-31,21.430533333333337,4,10,0,18.31,35.55376666666667,20.814838095238095
2008-11-01,13.841633333333334,5,11,1,21.430533333333337,25.385933333333334,18.797233333333335
2008-11-02,15.1769,6,11,1,13.841633333333334,8.724866666666665,17.14804761904762
2008-11-03,14.126666666666667,0,11,0,15.1769,8.731533333333335,18.069766666666666
2008-11-04,26.0386,1,11,0,14.126666666666667,22.1215,18.8405
2008-11-05,52.24883333333333,2,11,0,26.0386,26.876266666666666,19.400085714285716
2008-11-06,26.47396666666667,3,11,0,52.24883333333333,18.31,23.024738095238096
2008-11-07,26.9864,4,11,0,26.47396666666667,21.430533333333337,24.191019047619047
2008-11-08,28.88563333333333,5,11,1,26.9864,13.841633333333334,24.984714285714286
2008-11-09,42.975633333333334,6,11,1,28.88563333333333,15.1769,27.133857142857146
2008-11-10,34.86466666666667,0,11,0,42.975633333333334,14.126666666666667,31.105104761904762
2008-11-11,40.9325,1,11,0,34.86466666666667,26.0386,34.067676190476185
2008-11-12,36.44156666666667,2,11,0,40.9325,52.24883333333333,36.19537619047619
2008-11-13,20.641000000000002,3,11,0,36.44156666666667,26.47396666666667,33.937195238095235
2008-11-14,27.02896666666667,4,11,0,20.641000000000002,26.9864,33.10391428571429
2008-11-15,50.52713333333334,5,11,1,27.02896666666667,28.88563333333333,33.10999523809524
2008-11-16,39.42386666666666,6,11,1,50.52713333333334,42.975633333333334,36.201638095238096
2008-11-17,25.393933333333333,0,11,0,39.42386666666666,34.86466666666667,35.69424285714286
2008-11-18,29.15083333333333,1,11,0,25.393933333333333,40.9325,34.341280952380956
2008-11-19,30.670633333333335,2,11,0,29.15083333333333,36.44156666666667,32.658185714285715
2008-11-20,28.2056,3,11,0,30.670633333333335,20.641000000000002,31.83376666666667
2008-11-21,27.898833333333336,4,11,0,28.2056,27.02896666666667,32.914423809523804
2008-11-22,28.5228,5,11,1,27.898833333333336,50.52713333333334,33.038690476190474
2008-11-23,56.7554,6,11,1,28.5228,39.42386666666666,29.89521428571428
2008-11-24,53.54996666666667,0,11,0,56.7554,25.393933333333333,32.37114761904762
2008-11-25,45.0475,1,11,0,53.54996666666667,29.15083333333333,36.393438095238096
2008-11-26,25.2659,2,11,0,45.0475,30.670633333333335,38.664390476190476
2008-11-27,39.3703,3,11,0,25.2659,28.2056,37.89228571428571
2008-11-28,31.43273333333333,4,11,0,39.3703,27.898833333333336,39.48724285714286
2008-11-29,40.5778,5,11,1,31.43273333333333,28.5228,39.992085714285714
2008-11-30,40.023133333333334,6,11,1,40.5778,56.7554,41.71422857142857
2008-12-01,26.9423,0,12,0,40.023133333333334,53.54996666666667,39.323904761904764
2008-12-02,29.890733333333333,1,12,0,26.9423,45.0475,35.52280952380952
2008-12-03,29.25273333333333,2,12,0,29.890733333333333,25.2659,33.35755714285715
2008-12-04,28.9773,3,12,0,29.25273333333333,39.3703,33.927104761904765
2008-12-05,34.3103,4,12,0,28.9773,31.43273333333333,32.442390476190475
2008-12-06,42.06393333333333,5,12,1,34.3103,40.5778,32.853471428571424
2008-12-07,41.11233333333333,6,12,1,42.06393333333333,40.023133333333334,33.06577619047619
2008-12-08,31.143933333333333,0,12,0,41.11233333333333,26.9423,33.221376190476185
2008-12-09,33.385733333333334,1,12,0,31.143933333333333,29.890733333333333,33.82160952380952
2008-12-10,35.18366666666667,2,12,0,33.385733333333334,29.25273333333333,34.32089523809524
2008-12-11,23.875366666666665,3,12,0,35.18366666666667,28.9773,35.16817142857143
2008-12-12,30.258899999999997,4,12,0,23.875366666666665,34.3103,34.439323809523806
2008-12-13,30.426233333333336,5,12,1,30.258899999999997,42.06393333333333,33.86055238095238
2008-12-14,33.36866666666666,6,12,1,30.426233333333336,41.11233333333333,32.19802380952381
2008-12-15,29.924166666666668,0,12,0,33.36866666666666,31.143933333333333,31.091785714285717
2008-12-16,29.9515,1,12,0,29.924166666666668,33.385733333333334,30.917533333333335
2008-12-17,34.97976666666667,2,12,0,29.9515,35.18366666666667,30.42692857142857
2008-12-18,28.949,3,12,0,34.97976666666667,23.875366666666665,30.397799999999997
2008-12-19,31.368533333333335,4,12,0,28.949,30.258899999999997,31.122604761904764
2008-12-20,37.375033333333334,5,12,1,31.368533333333335,30.426233333333336,31.28112380952381
2008-12-21,44.06016666666667,6,12,1,37.375033333333334,33.36866666666666,32.273809523809526
2008-12-22,33.5968,0,12,0,44.06016666666667,29.924166666666668,33.80116666666667
2008-12-23,29.968133333333334,1,12,0,33.5968,29.9515,34.32582857142857
2008-12-24,21.160633333333333,2,12,0,29.968133333333334,34.97976666666667,34.328204761904765
2008-12-25,17.685299999999998,3,12,0,21.160633333333333,28.949,32.35404285714286
2008-12-26,20.395533333333333,4,12,0,17.685299999999998,31.368533333333335,30.744942857142856
2008-12-27,49.53606666666667,5,12,1,20.395533333333333,37.375033333333334,29.17737142857143
2008-12-28,26.177366666666668,6,12,1,49.53606666666667,44.06016666666667,30.914661904761907
2008-12-29,9.254633333333334,0,12,0,26.177366666666668,33.5968,28.359976190476193
2008-12-30,19.920633333333335,1,12,0,9.254633333333334,29.968133333333334,24.882523809523807
2008-12-31,32.736466666666665,2,12,0,19.920633333333335,21.160633333333333,23.447166666666668
2009-01-01,23.444866666666666,3,1,0,32.736466666666665,17.685299999999998,25.10085714285714
2009-01-02,38.79183333333334,4,1,0,23.444866666666666,20.395533333333333,25.92365238095238
2009-01-03,31.8916,5,1,1,38.79183333333334,49.53606666666667,28.551695238095242
2009-01-04,32.33323333333333,6,1,1,31.8916,26.177366666666668,26.031057142857144
2009-01-05,26.733333333333334,0,1,0,32.33323333333333,9.254633333333334,26.910466666666668
2009-01-06,28.16436666666667,1,1,0,26.733333333333334,19.920633333333335,29.40742380952381
2009-01-07,34.6712,2,1,0,28.16436666666667,32.736466666666665,30.585100000000004
2009-01-08,27.221166666666665,3,1,0,34.6712,23.444866666666666,30.86149047619048
2009-01-09,29.8117,4,1,0,27.221166666666665,38.79183333333334,31.400961904761907
2009-01-10,35.04913333333333,5,1,1,29.8117,31.8916,30.118085714285716
2009-01-11,32.93313333333334,6,1,1,35.04913333333333,32.33323333333333,30.569161904761902
2009-01-12,26.48796666666667,0,1,0,32.93313333333334,26.733333333333334,30.654861904761905
2009-01-13,36.376666666666665,1,1,0,26.48796666666667,28.16436666666667,30.619809523809526
2009-01-14,29.604699999999998,2,1,0,36.376666666666665,34.6712,31.792995238095237
2009-01-15,26.0678,3,1,0,29.604699999999998,27.221166666666665,31.069209523809526
2009-01-16,46.109233333333336,4,1,0,26.0678,29.8117,30.904442857142858
2009-01-17,55.297000000000004,5,1,1,46.109233333333336,35.04913333333333,33.232661904761905
2009-01-18,52.5699,6,1,1,55.297000000000004,32.93313333333334,36.125214285714286
2009-01-19,28.3311,0,1,0,52.5699,26.48796666666667,38.93046666666667
2009-01-20,28.967133333333333,1,1,0,28.3311,36.376666666666665,39.19377142857143
2009-01-21,28.990566666666666,2,1,0,28.967133333333333,29.604699999999998,38.135266666666666
2009-01-22,20.6226,3,1,0,28.990566666666666,26.0678,38.047533333333334
2009-01-23,31.842266666666667,4,1,0,20.6226,46.109233333333336,37.269647619047625
2009-01-24,36.6795,5,1,1,31.842266666666667,55.297000000000004,35.23150952380952
2009-01-25,47.394400000000005,6,1,1,36.6795,52.5699,32.571866666666665
2009-01-26,27.907866666666667,0,1,0,47.394400000000005,28.3311,31.832509523809524
2009-01-27,23.7505,1,1,0,27.907866666666667,28.967133333333333,31.77204761904762
2009-01-28,45.36223333333333,2,1,0,23.7505,28.990566666666666,31.026814285714288
2009-01-29,26.2283,3,1,0,45.36223333333333,20.6226,33.36562380952381
2009-01-30,34.3173,4,1,0,26.2283,31.842266666666667,34.16643809523809
2009-01-31,55.2142,5,1,1,34.3173,36.6795,34.52001428571429
2009-02-01,30.124333333333333,6,2,1,55.2142,47.394400000000005,37.16782857142857
2009-02-02,26.721666666666668,0,2,0,30.124333333333333,27.907866666666667,34.70067619047619
2009-02-03,31.139833333333335,1,2,0,26.721666666666668,23.7505,34.53121904761905
2009-02-04,41.0154,2,2,0,31.139833333333335,45.36223333333333,35.58683809523809
2009-02-05,27.4848,3,2,0,41.0154,26.2283,34.9658619047619
2009-02-06,34.13993333333334,4,2,0,27.4848,34.3173,35.145361904761906
2009-02-07,52.19226666666667,5,2,1,34.13993333333334,55.2142,35.12002380952381
2009-02-08,36.381099999999996,6,2,1,52.19226666666667,30.124333333333333,34.68831904761905
2009-02-09,28.443966666666665,0,2,0,36.381099999999996,26.721666666666668,35.58214285714286
2009-02-10,32.39703333333333,1,2,0,28.443966666666665,31.139833333333335,35.828185714285716
2009-02-11,43.98983333333333,2,2,0,32.39703333333333,41.0154,36.00778571428572
2009-02-12,32.811,3,2,0,43.98983333333333,27.4848,36.43270476190476
2009-02-13,28.167033333333332,4,2,0,32.811,34.13993333333334,37.19359047619048
2009-02-14,38.87656666666667,5,2,1,28.167033333333332,52.19226666666667,36.34031904761905
2009-02-15,26.433866666666667,6,2,1,38.87656666666667,36.381099999999996,34.43807619047619
2009-02-16,21.98323333333333,0,2,0,26.433866666666667,28.443966666666665,33.017042857142854
2009-02-17,13.0283,1,2,0,21.98323333333333,32.39703333333333,32.094080952380956
2009-02-18,13.774166666666668,2,2,0,13.0283,43.98983333333333,29.327119047619046
2009-02-19,12.2878,3,2,0,13.774166666666668,32.811,25.010595238095238
2009-02-20,31.3456,4,2,0,12.2878,28.167033333333332,22.078709523809522
2009-02-21,21.9364,5,2,1,31.3456,38.87656666666667,22.532790476190478
2009-02-22,37.307966666666665,6,2,1,21.9364,26.433866666666667,20.112766666666666
2009-02-23,45.56093333333333,0,2,0,37.307966666666665,21.98323333333333,21.666209523809524
2009-02-24,29.719066666666667,1,2,0,45.56093333333333,13.0283,25.03445238095238
2009-02-25,19.497400000000003,2,2,0,29.719066666666667,13.774166666666668,27.418847619047618
2009-02-26,19.280866666666668,3,2,0,19.497400000000003,12.2878,28.23645238095238
2009-02-27,33.8153,4,2,0,19.280866666666668,31.3456,29.235461904761905
2009-02-28,27.179166666666667,5,2,1,33.8153,21.9364,29.58827619047619
2009-03-01,41.127100000000006,6,3,1,27.179166666666667,37.307966666666665,30.337242857142858
2009-03-02,24.624033333333333,0,3,0,41.127100000000006,45.56093333333333,30.882833333333338
2009-03-03,30.81586666666667,1,3,0,24.624033333333333,29.719066666666667,27.89184761904762
2009-03-04,30.702166666666667,2,3,0,30.81586666666667,19.497400000000003,28.048533333333335
2009-03-05,24.030199999999997,3,3,0,30.702166666666667,19.280866666666668,29.64921428571429
2009-03-06,29.724566666666664,4,3,0,24.030199999999997,33.8153,30.327690476190476
2009-03-07,28.27443333333333,5,3,1,29.724566666666664,27.179166666666667,29.7433
2009-03-08,39.286100000000005,6,3,1,28.27443333333333,41.127100000000006,29.899766666666665
2009-03-09,28.0926,0,3,0,39.286100000000005,24.624033333333333,29.636766666666666
2009-03-10,30.6035,1,3,0,28.0926,30.81586666666667,30.132276190476187
2009-03-11,40.0984,2,3,0,30.6035,30.702166666666667,30.101938095238093
2009-03-12,31.454333333333334,3,3,0,40.0984,24.030199999999997,31.44425714285714
2009-03-13,24.092,4,3,0,31.454333333333334,29.724566666666664,32.504847619047624
2009-03-14,35.81713333333333,5,3,1,24.092,28.27443333333333,31.700195238095237
2009-03-15,32.3677,6,3,1,35.81713333333333,39.286100000000005,32.77772380952381
2009-03-16,22.245533333333334,0,3,0,32.3677,28.0926,31.789380952380952
2009-03-17,32.1985,1,3,0,22.245533333333334,30.6035,30.954085714285714
2009-03-18,24.178,2,3,0,32.1985,40.0984,31.181942857142854
2009-03-19,19.858866666666664,3,3,0,24.178,31.454333333333334,28.907600000000002
2009-03-20,24.398433333333333,4,3,0,19.858866666666664,24.092,27.25110476190476
2009-03-21,32.16703333333333,5,3,1,24.398433333333333,35.81713333333333,27.294880952380954
2009-03-22,28.152833333333334,6,3,1,32.16703333333333,32.3677,26.773438095238095
2009-03-23,21.6075,0,3,0,28.152833333333334,22.245533333333334,26.171314285714285
2009-03-24,27.6952,1,3,0,21.6075,32.1985,26.080166666666667
2009-03-25,30.646233333333335,2,3,0,27.6952,24.178,25.436838095238095
2009-03-26,20.1834,3,3,0,30.646233333333335,19.858866666666664,26.360871428571425
2009-03-27,28.56543333333333,4,3,0,20.1834,24.398433333333333,26.407233333333334
2009-03-28,37.68293333333334,5,3,1,28.56543333333333,32.16703333333333,27.002519047619046
2009-03-29,36.94416666666667,6,3,1,37.68293333333334,28.152833333333334,27.790504761904764
2009-03-30,24.6242,0,3,0,36.94416666666667,21.6075,29.046409523809526
2009-03-31,30.391366666666666,1,3,0,24.6242,27.6952,29.477366666666665
2009-04-01,27.352333333333334,2,4,0,30.391366666666666,30.646233333333335,29.862533333333335
2009-04-02,27.40556666666667,3,4,0,27.352333333333334,20.1834,29.39197619047619
2009-04-03,22.721,4,4,0,27.40556666666667,28.56543333333333,30.423714285714286
2009-04-04,36.52053333333333,5,4,1,22.721,37.68293333333334,29.58879523809524
2009-04-05,22.9286,6,4,1,36.52053333333333,36.94416666666667,29.422738095238092
2009-04-06,24.21056666666667,0,4,0,22.9286,24.6242,27.420514285714287
2009-04-07,24.001533333333334,1,4,0,24.21056666666667,30.391366666666666,27.36142380952381
2009-04-08,25.576666666666664,2,4,0,24.001533333333334,27.352333333333334,26.448590476190475
2009-04-09,31.507866666666665,3,4,0,25.576666666666664,27.40556666666667,26.19492380952381
2009-04-10,30.701900000000002,4,4,0,31.507866666666665,22.721,26.780966666666664
2009-04-11,41.04076666666666,5,4,1,30.701900000000002,36.52053333333333,27.92109523809524
2009-04-12,35.68353333333334,6,4,1,41.04076666666666,22.9286,28.56684285714286
2009-04-13,26.643733333333333,0,4,0,35.68353333333334,24.21056666666667,30.388976190476193
2009-04-14,25.025633333333335,1,4,0,26.643733333333333,24.001533333333334,30.73657142857143
2009-04-15,20.267699999999998,2,4,0,25.025633333333335,25.576666666666664,30.88287142857143
2009-04-16,26.0754,3,4,0,20.267699999999998,31.507866666666665,30.12444761904762
2009-04-17,34.04683333333333,4,4,0,26.0754,30.701900000000002,29.348380952380953
2009-04-18,25.204433333333334,5,4,1,34.04683333333333,41.04076666666666,29.82622857142857
2009-04-19,21.441133333333333,6,4,1,25.204433333333334,35.68353333333334,27.56389523809524
2009-04-20,24.775166666666667,0,4,0,21.441133333333333,26.643733333333333,25.529266666666665
2009-04-21,31.576633333333334,1,4,0,24.775166666666667,25.025633333333335,25.262328571428572
2009-04-22,24.936633333333337,2,4,0,31.576633333333334,20.267699999999998,26.198185714285717
2009-04-23,19.024333333333335,3,4,0,24.936633333333337,26.0754,26.865176190476195
2009-04-24,19.9008,4,4,0,19.024333333333335,34.04683333333333,25.857880952380953
2009-04-25,33.70473333333334,5,4,1,19.9008,25.204433333333334,23.837019047619044
2009-04-26,29.693766666666665,6,4,1,33.70473333333334,21.441133333333333,25.05134761904762
2009-04-27,22.52713333333333,0,4,0,29.693766666666665,24.775166666666667,26.230295238095238
2009-04-28,28.439766666666667,1,4,0,22.52713333333333,31.576633333333334,25.90914761904762
2009-04-29,27.744666666666667,2,4,0,28.439766666666667,24.936633333333337,25.461023809523812
2009-04-30,30.579366666666665,3,4,0,27.744666666666667,19.024333333333335,25.86217142857143
2009-05-01,25.213366666666666,4,5,0,30.579366666666665,19.9008,27.512890476190478
2009-05-02,23.231833333333334,5,5,1,25.213366666666666,33.70473333333334,28.271828571428575
2009-05-03,26.814633333333333,6,5,1,23.231833333333334,29.693766666666665,26.7757
2009-05-04,27.798033333333333,0,5,0,26.814633333333333,22.52713333333333,26.364395238095238
2009-05-05,28.857899999999997,1,5,0,27.798033333333333,28.439766666666667,27.11738095238095
2009-05-06,22.498366666666666,2,5,0,28.857899999999997,27.744666666666667,27.177114285714282
2009-05-07,16.877466666666667,3,5,0,22.498366666666666,30.579366666666665,26.427642857142853
2009-05-08,30.9526,4,5,0,16.877466666666667,25.213366666666666,24.47022857142857
2009-05-09,21.022533333333335,5,5,1,30.9526,23.231833333333334,25.290119047619047
2009-05-10,32.775866666666666,6,5,1,21.022533333333335,26.814633333333333,24.97450476190476
2009-05-11,25.286266666666666,0,5,0,32.775866666666666,27.798033333333333,25.82610952380952
2009-05-12,27.099266666666665,1,5,0,25.286266666666666,28.857899999999997,25.467285714285715
2009-05-13,20.7733,2,5,0,27.099266666666665,22.498366666666666,25.216052380952384
2009-05-14,26.783066666666667,3,5,0,20.7733,16.877466666666667,24.969614285714282
2009-05-15,23.70376666666667,4,5,0,26.783066666666667,30.9526,26.384700000000002
2009-05-16,33.4563,5,5,1,23.70376666666667,21.022533333333335,25.34915238095238
2009-05-17,25.7294,6,5,1,33.4563,32.775866666666666,27.125404761904765
2009-05-18,20.1651,0,5,0,25.7294,25.286266666666666,26.118766666666666
2009-05-19,26.955733333333335,1,5,0,20.1651,27.099266666666665,25.387171428571428
2009-05-20,21.786033333333332,2,5,0,26.955733333333335,20.7733,25.366666666666667
2009-05-21,26.2525,3,5,0,21.786033333333332,26.783066666666667,25.51134285714286
2009-05-22,17.913433333333334,4,5,0,26.2525,23.70376666666667,25.435547619047618
2009-05-23,25.509966666666667,5,5,1,17.913433333333334,33.4563,24.60835714285714
2009-05-24,21.4631,6,5,1,25.509966666666667,25.7294,23.473166666666664
2009-05-25,22.568266666666666,0,5,0,21.4631,20.1651,22.863695238095236
2009-05-26,22.294566666666665,1,5,0,22.568266666666666,26.955733333333335,23.207004761904763
2009-05-27,25.7382,2,5,0,22.294566666666665,21.786033333333332,22.54112380952381
2009-05-28,19.662266666666667,3,5,0,25.7382,26.2525,23.105719047619043
2009-05-29,20.7141,4,5,0,19.662266666666667,17.913433333333334,22.164257142857142
2009-05-30,27.651766666666667,5,5,1,20.7141,25.509966666666667,22.564352380952382
2009-05-31,15.948166666666667,6,5,1,27.651766666666667,21.4631,22.870323809523807
2009-06-01,24.054333333333332,0,6,0,15.948166666666667,22.568266666666666,22.082476190476193
2009-06-02,18.1773,1,6,0,24.054333333333332,22.294566666666665,22.29477142857143
2009-06-03,22.60963333333333,2,6,0,18.1773,25.7382,21.706590476190474
2009-06-04,17.261000000000003,3,6,0,22.60963333333333,19.662266666666667,21.25965238095238
2009-06-05,20.505999999999997,4,6,0,17.261000000000003,20.7141,20.916614285714285
2009-06-06,24.590833333333332,5,6,1,20.505999999999997,27.651766666666667,20.886885714285714
2009-06-07,20.1232,6,6,1,24.590833333333332,15.948166666666667,20.449609523809524
2009-06-08,19.64626666666667,0,6,0,20.1232,24.054333333333332,21.046042857142854
2009-06-09,22.214166666666664,1,6,0,19.64626666666667,18.1773,20.416319047619048
2009-06-10,26.716600000000003,2,6,0,22.214166666666664,22.60963333333333,20.993014285714285
2009-06-11,21.677500000000002,3,6,0,26.716600000000003,17.261000000000003,21.57972380952381
2009-06-12,18.362199999999998,4,6,0,21.677500000000002,20.505999999999997,22.210652380952382
2009-06-13,0.23696666666666666,5,6,1,18.362199999999998,24.590833333333332,21.90439523809524
2009-06-14,0.0,6,6,1,0.23696666666666666,20.1232,18.425271428571428
2009-06-15,12.865133333333334,0,6,0,0.0,19.64626666666667,15.550528571428572
2009-06-16,25.14653333333333,1,6,0,12.865133333333334,22.214166666666664,14.58179523809524
2009-06-17,16.466933333333333,2,6,0,25.14653333333333,26.716600000000003,15.00070476190476
2009-06-18,19.428333333333335,3,6,0,16.466933333333333,21.677500000000002,13.536466666666668
2009-06-19,18.114433333333334,4,6,0,19.428333333333335,18.362199999999998,13.21515714285714
2009-06-20,18.451666666666664,5,6,1,18.114433333333334,0.23696666666666666,13.179761904761905
2009-06-21,14.252366666666667,6,6,1,18.451666666666664,0.0,15.781861904761906
2009-06-22,18.234966666666665,0,6,0,14.252366666666667,12.865133333333334,17.817914285714284
2009-06-23,17.32023333333333,1,6,0,18.234966666666665,25.14653333333333,18.585033333333335
2009-06-24,25.581233333333333,2,6,0,17.32023333333333,16.466933333333333,17.466990476190475
2009-06-25,12.856033333333333,3,6,0,25.581233333333333,19.428333333333335,18.769033333333333
2009-06-26,21.2887,4,6,0,12.856033333333333,18.114433333333334,17.830133333333333
2009-06-27,28.484199999999998,5,6,1,21.2887,18.451666666666664,18.2836
2009-06-28,17.656566666666667,6,6,1,28.484199999999998,14.252366666666667,19.716819047619047
2009-06-29,16.83556666666667,0,6,0,17.656566666666667,18.234966666666665,20.203133333333334
2009-06-30,19.8741,1,6,0,16.83556666666667,17.32023333333333,20.003219047619048
2009-07-01,20.3057,2,7,0,19.8741,25.581233333333333,20.368057142857143
2009-07-02,20.709633333333333,3,7,0,20.3057,12.856033333333333,19.614409523809524
2009-07-03,14.402466666666667,4,7,0,20.709633333333333,21.2887,20.736352380952383
2009-07-04,20.6428,5,7,1,14.402466666666667,28.484199999999998,19.752604761904763
2009-07-05,23.51226666666667,6,7,1,20.6428,17.656566666666667,18.63240476190476
2009-07-06,15.904333333333334,0,7,0,23.51226666666667,16.83556666666667,19.468933333333332
2009-07-07,18.502266666666667,1,7,0,15.904333333333334,19.8741,19.335900000000002
2009-07-08,20.573333333333334,2,7,0,18.502266666666667,20.3057,19.13992380952381
2009-07-09,14.104199999999999,3,7,0,20.573333333333334,20.709633333333333,19.178157142857145
2009-07-10,19.7853,4,7,0,14.104199999999999,14.402466666666667,18.23452380952381
2009-07-11,16.566133333333333,5,7,1,19.7853,20.6428,19.003500000000003
2009-07-12,8.557966666666665,6,7,1,16.566133333333333,23.51226666666667,18.421119047619047
2009-07-13,8.2791,0,7,0,8.557966666666665,15.904333333333334,16.284790476190473
2009-07-14,15.190499999999998,1,7,0,8.2791,18.502266666666667,15.195471428571429
2009-07-15,11.967899999999998,2,7,0,15.190499999999998,20.573333333333334,14.722361904761902
2009-07-16,9.992566666666667,3,7,0,11.967899999999998,14.104199999999999,13.493014285714283
2009-07-17,12.1968,4,7,0,9.992566666666667,19.7853,12.905638095238094
2009-07-18,16.106833333333334,5,7,1,12.1968,16.566133333333333,11.821566666666667
2009-07-19,20.060733333333335,6,7,1,16.106833333333334,8.557966666666665,11.75595238095238
2009-07-20,11.041433333333334,0,7,0,20.060733333333335,8.2791,13.399204761904764
2009-07-21,13.562700000000001,1,7,0,11.041433333333334,15.190499999999998,13.79382380952381
2009-07-22,12.325533333333334,2,7,0,13.562700000000001,11.967899999999998,13.561280952380955
2009-07-23,17.166666666666668,3,7,0,12.325533333333334,9.992566666666667,13.61237142857143
2009-07-24,9.362300000000001,4,7,0,17.166666666666668,12.1968,14.637242857142857
2009-07-25,8.944799999999999,5,7,1,9.362300000000001,16.106833333333334,14.232314285714287
2009-07-26,9.050266666666666,6,7,1,8.944799999999999,20.060733333333335,13.20916666666667
2009-07-27,11.4761,0,7,0,9.050266666666666,11.041433333333334,11.636242857142857
2009-07-28,15.047500000000001,1,7,0,11.4761,13.562700000000001,11.698338095238096
2009-07-29,15.033333333333333,2,7,0,15.047500000000001,12.325533333333334,11.91045238095238
2009-07-30,13.205433333333334,3,7,0,15.033333333333333,17.166666666666668,12.297280952380953
2009-07-31,16.263833333333334,4,7,0,13.205433333333334,9.362300000000001,11.731390476190475
2009-08-01,11.782766666666667,5,8,1,16.263833333333334,8.944799999999999,12.717323809523808
2009-08-02,8.162066666666666,6,8,1,11.782766666666667,9.050266666666666,13.122747619047617
2009-08-03,8.3383,0,8,0,8.162066666666666,11.4761,12.995861904761906
2009-08-04,8.481533333333333,1,8,0,8.3383,15.047500000000001,12.547604761904763
2009-08-05,8.644200000000001,2,8,0,8.481533333333333,15.033333333333333,11.609609523809524
2009-08-06,8.877866666666668,3,8,0,8.644200000000001,13.205433333333334,10.69687619047619
2009-08-07,8.988266666666668,4,8,0,8.877866666666668,16.263833333333334,10.07865238095238
2009-08-08,8.774533333333332,5,8,1,8.988266666666668,11.782766666666667,9.039285714285715
2009-08-09,16.637233333333334,6,8,1,8.774533333333332,8.162066666666666,8.609538095238095
2009-08-10,17.822633333333332,0,8,0,16.637233333333334,8.3383,9.820276190476191
2009-08-11,15.849233333333332,1,8,0,17.822633333333332,8.481533333333333,11.175180952380954
2009-08-12,13.7406,2,8,0,15.849233333333332,8.644200000000001,12.227709523809525
2009-08-13,10.114033333333333,3,8,0,13.7406,8.877866666666668,12.955766666666667
2009-08-14,12.477933333333334,4,8,0,10.114033333333333,8.988266666666668,13.132361904761906
2009-08-15,25.234366666666666,5,8,1,12.477933333333334,8.774533333333332,13.630885714285714
2009-08-16,20.2952,6,8,1,25.234366666666666,16.637233333333334,15.982290476190476
2009-08-17,13.098466666666667,0,8,0,20.2952,17.822633333333332,16.50485714285714
2009-08-18,18.009966666666667,1,8,0,13.098466666666667,15.849233333333332,15.82997619047619
2009-08-19,14.679033333333333,2,8,0,18.009966666666667,13.7406,16.138652380952383
2009-08-20,12.9287,3,8,0,14.679033333333333,10.114033333333333,16.272714285714283
2009-08-21,19.362433333333335,4,8,0,12.9287,12.477933333333334,16.67480952380952
2009-08-22,25.8123,5,8,1,19.362433333333335,25.234366666666666,17.658309523809525
2009-08-23,17.778466666666667,6,8,1,25.8123,20.2952,17.74087142857143
2009-08-24,20.8709,0,8,0,17.778466666666667,13.098466666666667,17.381338095238096
2009-08-25,15.726833333333333,1,8,0,20.8709,18.009966666666667,18.491685714285715
2009-08-26,18.942433333333334,2,8,0,15.726833333333333,14.679033333333333,18.16552380952381
2009-08-27,12.4911,3,8,0,18.942433333333334,12.9287,18.77458095238095
2009-08-28,18.647366666666667,4,8,0,12.4911,19.362433333333335,18.712066666666665
2009-08-29,23.140233333333335,5,8,1,18.647366666666667,25.8123,18.609914285714286
2009-08-30,27.8057,6,8,1,23.140233333333335,17.778466666666667,18.228190476190473
2009-08-31,21.092033333333333,0,8,0,27.8057,20.8709,19.660652380952378
2009-09-01,16.342266666666667,1,9,0,21.092033333333333,15.726833333333333,19.692242857142855
2009-09-02,20.380233333333333,2,9,0,16.342266666666667,18.942433333333334,19.780161904761908
2009-09-03,20.853133333333336,3,9,0,20.380233333333333,12.4911,19.985561904761905
2009-09-04,17.07313333333333,4,9,0,20.853133333333336,18.647366666666667,21.180138095238096
2009-09-05,25.2311,5,9,1,17.07313333333333,23.140233333333335,20.95524761904762
2009-09-06,20.47716666666667,6,9,1,25.2311,27.8057,21.253942857142857
2009-09-07,20.357633333333336,0,9,0,20.47716666666667,21.092033333333333,20.207009523809525
2009-09-08,18.104233333333333,1,9,0,20.357633333333336,16.342266666666667,20.102095238095238
2009-09-09,25.355733333333333,2,9,0,18.104233333333333,20.380233333333333,20.35380476190476
2009-09-10,18.539233333333335,3,9,0,25.355733333333333,20.853133333333336,21.064590476190478
2009-09-11,20.235766666666667,4,9,0,18.539233333333335,17.07313333333333,20.734033333333336
2009-09-12,34.40596666666667,5,9,1,20.235766666666667,25.2311,21.185838095238097
2009-09-13,26.171699999999998,6,9,1,34.40596666666667,20.47716666666667,22.496533333333335
2009-09-14,26.247633333333333,0,9,0,26.171699999999998,20.357633333333336,23.310038095238095
2009-09-15,24.2801,1,9,0,26.247633333333333,18.104233333333333,24.151466666666668
2009-09-16,29.0527,2,9,0,24.2801,25.355733333333333,25.033733333333334
2009-09-17,20.39043333333333,3,9,0,29.0527,18.539233333333335,25.561871428571433
2009-09-18,22.900533333333332,4,9,0,20.39043333333333,20.235766666666667,25.826328571428572
2009-09-19,35.595166666666664,5,9,1,22.900533333333332,34.40596666666667,26.207009523809525
2009-09-20,33.922133333333335,6,9,1,35.595166666666664,26.171699999999998,26.376895238095237
2009-09-21,23.63113333333333,0,9,0,33.922133333333335,26.247633333333333,27.4841
2009-09-22,20.7756,1,9,0,23.63113333333333,24.2801,27.110314285714285
2009-09-23,27.276833333333332,2,9,0,20.7756,29.0527,26.609671428571428
2009-09-24,23.770966666666666,3,9,0,27.276833333333332,20.39043333333333,26.355976190476188
2009-09-25,19.350266666666666,4,9,0,23.770966666666666,22.900533333333332,26.838909523809523
2009-09-26,25.937566666666665,5,9,1,19.350266666666666,35.595166666666664,26.331728571428574
2009-09-27,23.507866666666665,6,9,1,25.937566666666665,33.922133333333335,24.95207142857143
2009-09-28,21.6576,0,9,0,23.507866666666665,23.63113333333333,23.46431904761905
2009-09-29,19.10663333333333,1,9,0,21.6576,20.7756,23.182385714285715
2009-09-30,29.5456,2,9,0,19.10663333333333,27.276833333333332,22.943961904761903
2009-10-01,21.4542,3,10,0,29.5456,23.770966666666666,23.268071428571428
2009-10-02,19.211133333333333,4,10,0,21.4542,19.350266666666666,22.93710476190476
2009-10-03,28.612333333333332,5,10,1,19.211133333333333,25.937566666666665,22.917228571428574
2009-10-04,27.018433333333334,6,10,1,28.612333333333332,23.507866666666665,23.29933809523809
2009-10-05,21.258699999999997,0,10,0,27.018433333333334,21.6576,23.80084761904762
2009-10-06,23.807466666666667,1,10,0,21.258699999999997,19.10663333333333,23.743861904761904
2009-10-07,30.3639,2,10,0,23.807466666666667,29.5456,24.415409523809526
2009-10-08,26.286099999999998,3,10,0,30.3639,21.4542,24.53230952380952
2009-10-09,22.531033333333333,4,10,0,26.286099999999998,19.211133333333333,25.22258095238095
2009-10-10,33.54593333333334,5,10,1,22.531033333333333,28.612333333333332,25.69685238095238
2009-10-11,32.30473333333334,6,10,1,33.54593333333334,27.018433333333334,26.401652380952385
2009-10-12,22.526733333333333,0,10,0,32.30473333333334,21.258699999999997,27.156838095238097
2009-10-13,24.151666666666664,1,10,0,22.526733333333333,23.807466666666667,27.337985714285715
2009-10-14,28.5204,2,10,0,24.151666666666664,30.3639,27.387157142857145
2009-10-15,24.832933333333333,3,10,0,28.5204,26.286099999999998,27.1238
2009-10-16,25.281,4,10,0,24.832933333333333,22.531033333333333,26.916204761904762
2009-10-17,45.70133333333333,5,10,1,25.281,33.54593333333334,27.309057142857142
2009-10-18,25.936066666666665,6,10,1,45.70133333333333,32.30473333333334,29.045542857142856
2009-10-19,22.818466666666666,0,10,0,25.936066666666665,22.526733333333333,28.13573333333333
2009-10-20,28.713466666666665,1,10,0,22.818466666666666,24.151666666666664,28.177409523809526
2009-10-21,32.8251,2,10,0,28.713466666666665,28.5204,28.82909523809524
2009-10-22,23.328500000000002,3,10,0,32.8251,24.832933333333333,29.444052380952378
2009-10-23,29.290833333333335,4,10,0,23.328500000000002,25.281,29.22913333333333
2009-10-24,43.57346666666667,5,10,1,29.290833333333335,45.70133333333333,29.801966666666665
2009-10-25,40.10893333333333,6,10,1,43.57346666666667,25.936066666666665,29.497985714285715
2009-10-26,18.539066666666667,0,10,0,40.10893333333333,22.818466666666666,31.52268095238095
2009-10-27,18.6126,1,10,0,18.539066666666667,28.713466666666665,30.911338095238097
2009-10-28,21.145133333333334,2,10,0,18.6126,32.8251,29.468357142857144
2009-10-29,33.024,3,10,0,21.145133333333334,23.328500000000002,27.799790476190477
2009-10-30,24.8893,4,10,0,33.024,29.290833333333335,29.184861904761906
2009-10-31,31.2657,5,10,1,24.8893,43.57346666666667,28.556071428571432
2009-11-01,30.719466666666666,6,11,1,31.2657,40.10893333333333,26.797819047619043
2009-11-02,25.07043333333333,0,11,0,30.719466666666666,18.539066666666667,25.456466666666667
2009-11-03,37.77813333333334,1,11,0,25.07043333333333,18.6126,26.389519047619046
2009-11-04,30.029999999999998,2,11,0,37.77813333333334,21.145133333333334,29.12745238095238
2009-11-05,26.007766666666665,3,11,0,30.029999999999998,33.024,30.396719047619047
2009-11-06,23.174166666666668,4,11,0,26.007766666666665,24.8893,29.3944
2009-11-07,25.95293333333333,5,11,1,23.174166666666668,31.2657,29.149380952380948
2009-11-08,41.80003333333333,6,11,1,25.95293333333333,30.719466666666666,28.390414285714286
2009-11-09,23.412533333333332,0,11,0,41.80003333333333,25.07043333333333,29.97335238095238
2009-11-10,26.76973333333333,1,11,0,23.412533333333332,37.77813333333334,29.736509523809524
2009-11-11,34.008,2,11,0,26.76973333333333,30.029999999999998,28.163880952380953
2009-11-12,24.384433333333334,3,11,0,34.008,26.007766666666665,28.732166666666664
2009-11-13,25.548766666666666,4,11,0,24.384433333333334,23.174166666666668,28.500261904761903
2009-11-14,42.67426666666667,5,11,1,25.548766666666666,25.95293333333333,28.83949047619048
2009-11-15,32.788466666666665,6,11,1,42.67426666666667,41.80003333333333,31.22825238095238
2009-11-16,25.241133333333334,0,11,0,32.788466666666665,23.412533333333332,29.940885714285713
2009-11-17,28.471566666666668,1,11,0,25.241133333333334,26.76973333333333,30.202114285714284
2009-11-18,43.98623333333333,2,11,0,28.471566666666668,34.008,30.445233333333334
2009-11-19,24.5808,3,11,0,43.98623333333333,24.384433333333334,31.870695238095234
2009-11-20,32.6836,4,11,0,24.5808,25.548766666666666,31.898747619047615
2009-11-21,41.61426666666667,5,11,1,32.6836,42.67426666666667,32.91800952380952
2009-11-22,40.8496,6,11,1,41.61426666666667,32.788466666666665,32.76658095238095
2009-11-23,24.518700000000003,0,11,0,40.8496,25.241133333333334,33.918171428571426
2009-11-24,35.48093333333334,1,11,0,24.518700000000003,28.471566666666668,33.81496666666667
2009-11-25,33.00216666666667,2,11,0,35.48093333333334,43.98623333333333,34.81630476190476
2009-11-26,26.660433333333334,3,11,0,33.00216666666667,24.5808,33.247152380952386
2009-11-27,23.000433333333334,4,11,0,26.660433333333334,32.6836,33.54424285714286
2009-11-28,30.9825,5,11,1,23.000433333333334,41.61426666666667,32.16093333333333
2009-11-29,27.516033333333333,6,11,1,30.9825,40.8496,30.642109523809527
2009-11-30,29.0865,0,11,0,27.516033333333333,24.518700000000003,28.737314285714287
2009-12-01,29.272966666666665,1,12,0,29.0865,35.48093333333334,29.389857142857146
2009-12-02,39.09446666666667,2,12,0,29.272966666666665,33.00216666666667,28.50300476190476
2009-12-03,24.66146666666667,3,12,0,39.09446666666667,26.660433333333334,29.373333333333335
2009-12-04,28.52156666666667,4,12,0,24.66146666666667,23.000433333333334,29.08776666666667
2009-12-05,39.19603333333334,5,12,1,28.52156666666667,30.9825,29.8765
2009-12-06,39.638133333333336,6,12,1,39.19603333333334,27.516033333333333,31.049861904761908
2009-12-07,29.043966666666666,0,12,0,39.638133333333336,29.0865,32.78159047619048
2009-12-08,33.44806666666667,1,12,0,29.043966666666666,29.272966666666665,32.77551428571429
2009-12-09,30.039266666666666,2,12,0,33.44806666666667,39.09446666666667,33.37195714285714
2009-12-10,34.2381,3,12,0,30.039266666666666,24.66146666666667,32.07835714285714
2009-12-11,29.741033333333334,4,12,0,34.2381,28.52156666666667,33.44644761904762
2009-12-12,30.273000000000003,5,12,1,29.741033333333334,39.19603333333334,33.62065714285715
2009-12-13,35.646899999999995,6,12,1,30.273000000000003,39.638133333333336,32.3459380952381
2009-12-14,29.91436666666667,0,12,0,35.646899999999995,29.043966666666666,31.775761904761907
2009-12-15,32.33526666666667,1,12,0,29.91436666666667,33.44806666666667,31.900104761904764
2009-12-16,23.2479,2,12,0,32.33526666666667,30.039266666666666,31.74113333333333
2009-12-17,28.6197,3,12,0,23.2479,34.2381,30.770938095238098
2009-12-18,29.078433333333333,4,12,0,28.6197,29.741033333333334,29.968309523809527
2009-12-19,36.738899999999994,5,12,1,29.078433333333333,30.273000000000003,29.873652380952382
2009-12-20,19.069433333333333,6,12,1,36.738899999999994,35.646899999999995,30.797352380952383
2009-12-21,33.9161,0,12,0,19.069433333333333,29.91436666666667,28.42914285714286
2009-12-22,31.467033333333333,1,12,0,33.9161,32.33526666666667,29.000819047619046
2009-12-23,24.253333333333334,2,12,0,31.467033333333333,23.2479,28.876785714285713
2009-12-24,48.43156666666666,3,12,0,24.253333333333334,28.6197,29.020419047619047
2009-12-25,35.4608,4,12,0,48.43156666666666,29.078433333333333,31.85068571428571
2009-12-26,36.393633333333334,5,12,1,35.4608,36.738899999999994,32.76245238095238
2009-12-27,36.59086666666666,6,12,1,36.393633333333334,19.069433333333333,32.71312857142857
2009-12-28,34.90163333333333,0,12,0,36.59086666666666,33.9161,35.21619047619048
2009-12-29,34.1328,1,12,0,34.90163333333333,31.467033333333333,35.35698095238095
2009-12-30,40.85183333333334,2,12,0,34.1328,24.253333333333334,35.73780476190476
2009-12-31,36.864866666666664,3,12,0,40.85183333333334,48.43156666666666,38.10901904761904
2010-01-01,20.4042,4,1,0,36.864866666666664,35.4608,36.456633333333336
2010-01-02,21.813933333333335,5,1,1,20.4042,36.393633333333334,34.30569047619048
2010-01-03,34.72423333333334,6,1,1,21.813933333333335,36.59086666666666,32.222876190476185
2010-01-04,26.735533333333333,0,1,0,34.72423333333334,34.90163333333333,31.95621428571429
2010-01-05,36.99633333333334,1,1,0,26.735533333333333,34.1328,30.789628571428572
2010-01-06,29.619666666666667,2,1,0,36.99633333333334,40.85183333333334,31.198704761904764
2010-01-07,29.4907,3,1,0,29.619666666666667,36.864866666666664,29.594109523809525
2010-01-08,29.953466666666667,4,1,0,29.4907,20.4042,28.540657142857146
2010-01-09,38.94833333333334,5,1,1,29.953466666666667,21.813933333333335,29.904838095238095
2010-01-10,41.807766666666666,6,1,1,38.94833333333334,34.72423333333334,32.35260952380953
2010-01-11,25.3114,0,1,0,41.807766666666666,26.735533333333333,33.36454285714286
2010-01-12,21.375633333333333,1,1,0,25.3114,36.99633333333334,33.16109523809524
2010-01-13,0.0,2,1,0,21.375633333333333,29.619666666666667,30.929566666666666
2010-01-14,10.308133333333334,3,1,0,0.0,29.4907,26.698185714285717
2010-01-15,36.61266666666667,4,1,0,10.308133333333334,29.953466666666667,23.957819047619047
2010-01-16,35.8352,5,1,1,36.61266666666667,38.94833333333334,24.90913333333333
2010-01-17,31.775933333333334,6,1,1,35.8352,41.807766666666666,24.4644
2010-01-18,31.351633333333332,0,1,0,31.775933333333334,25.3114,23.031280952380957
2010-01-19,40.55846666666666,1,1,0,31.351633333333332,21.375633333333333,23.89417142857143
2010-01-20,39.19546666666667,2,1,0,40.55846666666666,0.0,26.63457619047619
2010-01-21,35.63093333333333,3,1,0,39.19546666666667,10.308133333333334,32.23392857142857
2010-01-22,29.843766666666667,4,1,0,35.63093333333333,36.61266666666667,35.85147142857143
2010-01-23,43.475166666666674,5,1,1,29.843766666666667,35.8352,34.88448571428571
2010-01-24,37.82366666666667,6,1,1,43.475166666666674,31.775933333333334,35.97590952380953
2010-01-25,32.17516666666667,0,1,0,37.82366666666667,31.351633333333332,36.83987142857143
2010-01-26,34.459399999999995,1,1,0,32.17516666666667,40.55846666666666,36.957519047619044
2010-01-27,46.015033333333335,2,1,0,34.459399999999995,39.19546666666667,36.08622380952381
2010-01-28,35.170566666666666,3,1,0,46.015033333333335,35.63093333333333,37.06044761904762
2010-01-29,34.88316666666666,4,1,0,35.170566666666666,29.843766666666667,36.99468095238095
2010-01-30,47.3788,5,1,1,34.88316666666666,43.475166666666674,37.714595238095235
2010-01-31,29.9866,6,1,1,47.3788,37.82366666666667,38.27225714285714
2010-02-01,28.229633333333332,0,2,0,29.9866,32.17516666666667,37.15267619047619
2010-02-02,35.95719999999999,1,2,0,28.229633333333332,34.459399999999995,36.58902857142857
2010-02-03,48.38356666666667,2,2,0,35.95719999999999,46.015033333333335,36.803
2010-02-04,38.6045,3,2,0,48.38356666666667,35.170566666666666,37.1413619047619
2010-02-05,34.98153333333333,4,2,0,38.6045,34.88316666666666,37.631923809523805
2010-02-06,45.216433333333335,5,2,1,34.98153333333333,47.3788,37.64597619047619
2010-02-07,27.095133333333333,6,2,1,45.216433333333335,29.9866,37.337066666666665
2010-02-08,43.037299999999995,0,2,0,27.095133333333333,28.229633333333332,36.924
2010-02-09,40.348866666666666,1,2,0,43.037299999999995,35.95719999999999,39.03938095238095
2010-02-10,32.40903333333333,2,2,0,40.348866666666666,48.38356666666667,39.666761904761906
2010-02-11,22.82946666666667,3,2,0,32.40903333333333,38.6045,37.38468571428571
2010-02-12,31.549966666666666,4,2,0,22.82946666666667,34.98153333333333,35.13110952380952
2010-02-13,39.1926,5,2,1,31.549966666666666,45.216433333333335,34.640885714285716
2010-02-14,28.111633333333334,6,2,1,39.1926,27.095133333333333,33.78033809523809
2010-02-15,34.9522,0,2,0,28.111633333333334,43.037299999999995,33.925552380952375
2010-02-16,29.962600000000002,1,2,0,34.9522,40.348866666666666,32.770538095238095
2010-02-17,34.242666666666665,2,2,0,29.962600000000002,32.40903333333333,31.286785714285713
2010-02-18,29.3526,3,2,0,34.242666666666665,22.82946666666667,31.54873333333333
2010-02-19,32.559533333333334,4,2,0,29.3526,31.549966666666666,32.48060952380952
2010-02-20,33.062133333333335,5,2,1,32.559533333333334,39.1926,32.624833333333335
2010-02-21,45.6719,6,2,1,33.062133333333335,28.111633333333334,31.749052380952385
2010-02-22,24.56726666666667,0,2,0,45.6719,34.9522,34.25766190476191
2010-02-23,24.354666666666667,1,2,0,24.56726666666667,29.962600000000002,32.7741
2010-02-24,31.904633333333333,2,2,0,24.354666666666667,34.242666666666665,31.972966666666668
2010-02-25,31.33673333333333,3,2,0,31.904633333333333,29.3526,31.638961904761906
2010-02-26,35.33593333333333,4,2,0,31.33673333333333,32.559533333333334,31.922409523809527
2010-02-27,29.4176,5,2,1,35.33593333333333,33.062133333333335,32.3190380952381
2010-02-28,11.8611,6,2,1,29.4176,45.6719,31.798390476190473
2010-03-01,21.645466666666668,0,3,0,11.8611,24.56726666666667,26.96827619047619
2010-03-02,12.781766666666668,1,3,0,21.645466666666668,24.354666666666667,26.550876190476192
2010-03-03,15.597233333333332,2,3,0,12.781766666666668,31.904633333333333,24.897604761904763
2010-03-04,11.381333333333334,3,3,0,15.597233333333332,31.33673333333333,22.56797619047619
2010-03-05,18.895433333333337,4,3,0,11.381333333333334,35.33593333333333,19.71720476190476
2010-03-06,13.2452,5,3,1,18.895433333333337,29.4176,17.368561904761908
2010-03-07,22.874533333333332,6,3,1,13.2452,11.8611,15.05821904761905
2010-03-08,42.6183,0,3,0,22.874533333333332,21.645466666666668,16.631566666666668
2010-03-09,29.3352,1,3,0,42.6183,12.781766666666668,19.627685714285715
2010-03-10,30.377200000000002,2,3,0,29.3352,15.597233333333332,21.992461904761903
2010-03-11,32.518166666666666,3,3,0,30.377200000000002,11.381333333333334,24.103885714285717
2010-03-12,27.423733333333335,4,3,0,32.518166666666666,18.895433333333337,27.123433333333335
2010-03-13,39.71683333333333,5,3,1,27.423733333333335,13.2452,28.341761904761906
2010-03-14,26.1119,6,3,1,39.71683333333333,22.874533333333332,32.12342380952381
2010-03-15,29.864166666666666,0,3,0,26.1119,42.6183,32.585904761904764
2010-03-16,25.710833333333333,1,3,0,29.864166666666666,29.3352,30.763885714285713
2010-03-17,33.485499999999995,2,3,0,25.710833333333333,30.377200000000002,30.24611904761905
2010-03-18,26.0447,3,3,0,33.485499999999995,32.518166666666666,30.690161904761904
2010-03-19,27.723066666666668,4,3,0,26.0447,27.423733333333335,29.76538095238095
2010-03-20,2.195533333333333,5,3,1,27.723066666666668,39.71683333333333,29.808142857142855
2010-03-21,15.288033333333335,6,3,1,2.195533333333333,26.1119,24.447957142857142
2010-03-22,26.976499999999998,0,3,0,15.288033333333335,29.864166666666666,22.901690476190474
2010-03-23,30.369366666666668,1,3,0,26.976499999999998,25.710833333333333,22.48916666666667
2010-03-24,33.245866666666664,2,3,0,30.369366666666668,33.485499999999995,23.154671428571426
2010-03-25,27.998066666666666,3,3,0,33.245866666666664,26.0447,23.120438095238093
2010-03-26,27.521400000000003,4,3,0,27.998066666666666,27.723066666666668,23.399490476190472
2010-03-27,30.799500000000002,5,3,1,27.521400000000003,2.195533333333333,23.370680952380955
2010-03-28,29.970233333333333,6,3,1,30.799500000000002,15.288033333333335,27.456961904761904
2010-03-29,27.045633333333335,0,3,0,29.970233333333333,26.976499999999998,29.554419047619053
2010-03-30,31.77423333333333,1,3,0,27.045633333333335,30.369366666666668,29.564295238095237
2010-03-31,32.06336666666667,2,3,0,31.77423333333333,33.245866666666664,29.764990476190473
2010-04-01,28.124000000000002,3,4,0,32.06336666666667,27.998066666666666,29.596061904761907
2010-04-02,27.477033333333335,4,4,0,28.124000000000002,27.521400000000003,29.614052380952383
2010-04-03,30.087966666666667,5,4,1,27.477033333333335,30.799500000000002,29.607714285714284
2010-04-04,28.173133333333332,6,4,1,30.087966666666667,29.970233333333333,29.506066666666666
2010-04-05,18.647,0,4,0,28.173133333333332,27.045633333333335,29.249338095238095
2010-04-06,30.430866666666667,1,4,0,18.647,31.77423333333333,28.049533333333333
2010-04-07,26.616366666666668,2,4,0,30.430866666666667,32.06336666666667,27.85762380952381
2010-04-08,27.487000000000002,3,4,0,26.616366666666668,28.124000000000002,27.07948095238095
2010-04-09,20.555833333333332,4,4,0,27.487000000000002,27.477033333333335,26.988480952380957
2010-04-10,19.8368,5,4,1,20.555833333333332,30.087966666666667,25.999738095238094
2010-04-11,26.7135,6,4,1,19.8368,28.173133333333332,24.535285714285717
2010-04-12,23.990433333333332,0,4,0,26.7135,18.647,24.326766666666668
2010-04-13,25.21173333333333,1,4,0,23.990433333333332,30.430866666666667,25.09011428571429
2010-04-14,27.672733333333333,2,4,0,25.21173333333333,26.616366666666668,24.34452380952381
2010-04-15,31.20296666666667,3,4,0,27.672733333333333,27.487000000000002,24.49543333333333
2010-04-16,26.034366666666664,4,4,0,31.20296666666667,20.555833333333332,25.02628571428571
2010-04-17,25.961866666666666,5,4,1,26.034366666666664,19.8368,25.808933333333332
2010-04-18,24.601766666666666,6,4,1,25.961866666666666,26.7135,26.683942857142856
2010-04-19,28.476566666666667,0,4,0,24.601766666666666,23.990433333333332,26.382266666666663
2010-04-20,30.560466666666667,1,4,0,28.476566666666667,25.21173333333333,27.023142857142854
2010-04-21,26.3319,2,4,0,30.560466666666667,27.672733333333333,27.787247619047623
2010-04-22,24.3484,3,4,0,26.3319,31.20296666666667,27.5957
2010-04-23,19.6756,4,4,0,24.3484,26.034366666666664,26.616476190476188
2010-04-24,25.306966666666664,5,4,1,19.6756,25.961866666666666,25.708080952380953
2010-04-25,25.712366666666664,6,4,1,25.306966666666664,24.601766666666666,25.614523809523806
2010-04-26,18.045266666666667,0,4,0,25.712366666666664,28.476566666666667,25.77318095238095
2010-04-27,20.849,1,4,0,18.045266666666667,30.560466666666667,24.282995238095236
2010-04-28,14.4643,2,4,0,20.849,26.3319,22.895642857142857
2010-04-29,18.3954,3,4,0,14.4643,24.3484,21.200271428571426
2010-04-30,18.6438,4,4,0,18.3954,19.6756,20.349842857142853
2010-05-01,22.002633333333332,5,5,1,18.6438,25.306966666666664,20.20244285714286
2010-05-02,36.46516666666666,6,5,1,22.002633333333332,25.712366666666664,19.730395238095237
2010-05-03,23.5217,0,5,0,36.46516666666666,18.045266666666667,21.266509523809525
2010-05-04,25.282666666666668,1,5,0,23.5217,20.849,22.04885714285714
2010-05-05,30.088466666666665,2,5,0,25.282666666666668,14.4643,22.682238095238095
2010-05-06,21.654166666666665,3,5,0,30.088466666666665,18.3954,24.914261904761904
2010-05-07,27.400066666666664,4,5,0,21.654166666666665,18.6438,25.379799999999996
2010-05-08,25.557033333333333,5,5,1,27.400066666666664,22.002633333333332,26.630695238095235
2010-05-09,26.1085,6,5,1,25.557033333333333,36.46516666666666,27.138466666666666
2010-05-10,24.46486666666667,0,5,0,26.1085,23.5217,25.658942857142854
2010-05-11,26.189466666666664,1,5,0,24.46486666666667,25.282666666666668,25.793680952380953
2010-05-12,33.923633333333335,2,5,0,26.189466666666664,30.088466666666665,25.923223809523808
2010-05-13,25.874933333333335,3,5,0,33.923633333333335,21.654166666666665,26.471104761904762
2010-05-14,28.70243333333333,4,5,0,25.874933333333335,27.400066666666664,27.074071428571433
2010-05-15,32.412866666666666,5,5,1,28.70243333333333,25.557033333333333,27.260123809523808
2010-05-16,35.0071,6,5,1,32.412866666666666,26.1085,28.23952857142857
2010-05-17,27.136366666666667,0,5,0,35.0071,24.46486666666667,29.51075714285714
2010-05-18,23.6864,1,5,0,27.136366666666667,26.189466666666664,29.892400000000002
2010-05-19,23.7792,2,5,0,23.6864,33.923633333333335,29.53481904761905
2010-05-20,19.23163333333333,3,5,0,23.7792,25.874933333333335,28.085614285714286
2010-05-21,21.573266666666665,4,5,0,19.23163333333333,28.70243333333333,27.136571428571425
2010-05-22,34.92953333333333,5,5,1,21.573266666666665,32.412866666666666,26.118119047619047
2010-05-23,24.7926,6,5,1,34.92953333333333,35.0071,26.477642857142857
2010-05-24,22.355533333333334,0,5,0,24.7926,27.136366666666667,25.01842857142857
2010-05-25,19.9771,1,5,0,22.355533333333334,23.6864,24.33545238095238
2010-05-26,23.1314,2,5,0,19.9771,23.7792,23.805552380952378
2010-05-27,22.0557,3,5,0,23.1314,19.23163333333333,23.71300952380952
2010-05-28,23.302733333333332,4,5,0,22.0557,21.573266666666665,24.11644761904762
2010-05-29,34.163466666666665,5,5,1,23.302733333333332,34.92953333333333,24.363514285714285
2010-05-30,27.761666666666667,6,5,1,34.163466666666665,24.7926,24.25407619047619
2010-05-31,22.341033333333332,0,5,0,27.761666666666667,22.355533333333334,24.67822857142857
2010-06-01,21.1494,1,6,0,22.341033333333332,19.9771,24.676157142857143
2010-06-02,16.348300000000002,2,6,0,21.1494,23.1314,24.84362857142857
2010-06-03,23.23643333333333,3,6,0,16.348300000000002,22.0557,23.874614285714284
2010-06-04,23.675900000000002,4,6,0,23.23643333333333,23.302733333333332,24.04329047619047
2010-06-05,33.49406666666667,5,6,1,23.675900000000002,34.163466666666665,24.0966
2010-06-06,29.1132,6,6,1,33.49406666666667,27.761666666666667,24.00097142857143
2010-06-07,16.868033333333333,0,6,0,29.1132,22.341033333333332,24.19404761904762
2010-06-08,22.700566666666667,1,6,0,16.868033333333333,21.1494,23.412190476190478
2010-06-09,25.578033333333334,2,6,0,22.700566666666667,16.348300000000002,23.633785714285715
2010-06-10,20.25316666666667,3,6,0,25.578033333333334,23.23643333333333,24.952319047619046
2010-06-11,24.5112,4,6,0,20.25316666666667,23.675900000000002,24.5261380952381
2010-06-12,32.885133333333336,5,6,1,24.5112,33.49406666666667,24.645466666666668
2010-06-13,27.905933333333333,6,6,1,32.885133333333336,29.1132,24.558476190476192
2010-06-14,20.299733333333332,0,6,0,27.905933333333333,16.868033333333333,24.386009523809523
2010-06-15,20.39943333333333,1,6,0,20.299733333333332,22.700566666666667,24.876252380952383
2010-06-16,29.468200000000003,2,6,0,20.39943333333333,25.578033333333334,24.547519047619044
2010-06-17,17.133633333333332,3,6,0,29.468200000000003,20.25316666666667,25.10325714285714
2010-06-18,22.205266666666667,4,6,0,17.133633333333332,24.5112,24.657609523809523
2010-06-19,23.603666666666665,5,6,1,22.205266666666667,32.885133333333336,24.328190476190475
2010-06-20,27.875833333333333,6,6,1,23.603666666666665,27.905933333333333,23.002266666666664
2010-06-21,27.681500000000003,0,6,0,27.875833333333333,20.299733333333332,22.997966666666663
2010-06-22,25.343133333333334,1,6,0,27.681500000000003,20.39943333333333,24.05250476190476
2010-06-23,24.0344,2,6,0,25.343133333333334,29.468200000000003,24.75874761904762
2010-06-24,18.262999999999998,3,6,0,24.0344,17.133633333333332,23.98249047619048
2010-06-25,18.323966666666667,4,6,0,18.262999999999998,22.205266666666667,24.14382857142857
2010-06-26,16.360333333333333,5,6,1,18.323966666666667,23.603666666666665,23.589357142857146
2010-06-27,18.999399999999998,6,6,1,16.360333333333333,27.875833333333333,22.55459523809524
2010-06-28,24.522333333333332,0,6,0,18.999399999999998,27.681500000000003,21.286533333333335
2010-06-29,22.78826666666667,1,6,0,24.522333333333332,25.343133333333334,20.835223809523807
2010-06-30,23.068933333333334,2,6,0,22.78826666666667,24.0344,20.470242857142857
2010-07-01,22.483366666666665,3,7,0,23.068933333333334,18.262999999999998,20.33231904761905
2010-07-02,19.01546666666667,4,7,0,22.483366666666665,18.323966666666667,20.93522857142857
2010-07-03,18.6679,5,7,1,19.01546666666667,16.360333333333333,21.03401428571428
2010-07-04,25.6348,6,7,1,18.6679,18.999399999999998,21.363666666666663
2010-07-05,18.5665,0,7,0,25.6348,24.522333333333332,22.311580952380954
2010-07-06,16.765566666666665,1,7,0,18.5665,22.78826666666667,21.46074761904762
2010-07-07,13.913133333333333,2,7,0,16.765566666666665,23.068933333333334,20.600361904761904
2010-07-08,20.210866666666668,3,7,0,13.913133333333333,22.483366666666665,19.292390476190473
2010-07-09,18.05796666666667,4,7,0,20.210866666666668,19.01546666666667,18.967747619047618
2010-07-10,19.241733333333332,5,7,1,18.05796666666667,18.6679,18.830961904761903
2010-07-11,19.89286666666667,6,7,1,19.241733333333332,25.6348,18.912938095238093
2010-07-12,18.492900000000002,0,7,0,19.89286666666667,18.5665,18.092661904761908
2010-07-13,23.035233333333334,1,7,0,18.492900000000002,16.765566666666665,18.08214761904762
2010-07-14,23.4912,2,7,0,23.035233333333334,13.913133333333333,18.977814285714285
2010-07-15,27.219366666666666,3,7,0,23.4912,20.210866666666668,20.346109523809524
2010-07-16,13.6676,4,7,0,27.219366666666666,18.05796666666667,21.347323809523807
2010-07-17,13.4392,5,7,1,13.6676,19.241733333333332,20.720128571428575
2010-07-18,13.533966666666666,6,7,1,13.4392,19.89286666666667,19.89119523809524
2010-07-19,13.352633333333333,0,7,0,13.533966666666666,18.492900000000002,18.982780952380953
2010-07-20,14.263733333333333,1,7,0,13.352633333333333,23.035233333333334,18.24845714285714
2010-07-21,17.7361,2,7,0,14.263733333333333,23.4912,16.995385714285714
2010-07-22,19.407433333333334,3,7,0,17.7361,27.219366666666666,16.17322857142857
2010-07-23,19.602633333333333,4,7,0,19.407433333333334,13.6676,15.057238095238095
2010-07-24,15.361133333333333,5,7,1,19.602633333333333,13.4392,15.905100000000001
2010-07-25,18.84016666666667,6,7,1,15.361133333333333,13.533966666666666,16.179661904761907
2010-07-26,14.735833333333334,0,7,0,18.84016666666667,13.352633333333333,16.937690476190475
2010-07-27,15.872666666666667,1,7,0,14.735833333333334,14.263733333333333,17.135290476190477
2010-07-28,14.377566666666667,2,7,0,15.872666666666667,17.7361,17.3651380952381
2010-07-29,9.151733333333334,3,7,0,14.377566666666667,19.407433333333334,16.885347619047618
2010-07-30,9.187666666666667,4,7,0,9.151733333333334,19.602633333333333,15.420247619047618
2010-07-31,9.243599999999999,5,7,1,9.187666666666667,15.361133333333333,13.93239523809524
2010-08-01,9.261066666666666,6,8,1,9.243599999999999,18.84016666666667,13.058461904761904
2010-08-02,9.158033333333332,0,8,0,9.261066666666666,14.735833333333334,11.690019047619048
2010-08-03,10.253533333333333,1,8,0,9.158033333333332,15.872666666666667,10.893190476190478
2010-08-04,9.055933333333334,2,8,0,10.253533333333333,14.377566666666667,10.090457142857144
2010-08-05,8.891266666666667,3,8,0,9.055933333333334,9.151733333333334,9.33022380952381
2010-08-06,8.745766666666666,4,8,0,8.891266666666667,9.187666666666667,9.293014285714284
2010-08-07,8.791266666666667,5,8,1,8.745766666666666,9.243599999999999,9.229885714285714
2010-08-08,8.807666666666668,6,8,1,8.791266666666667,9.261066666666666,9.165266666666666
2010-08-09,8.917733333333333,0,8,0,8.807666666666668,9.158033333333332,9.100495238095238
2010-08-10,9.0793,1,8,0,8.917733333333333,10.253533333333333,9.066166666666666
2010-08-11,9.033366666666666,2,8,0,9.0793,9.055933333333334,8.898419047619047
2010-08-12,8.8283,3,8,0,9.033366666666666,8.891266666666667,8.895195238095239
2010-08-13,8.9049,4,8,0,8.8283,8.745766666666666,8.8862
2010-08-14,9.237833333333333,5,8,1,8.9049,8.791266666666667,8.908933333333334
2010-08-15,17.599766666666667,6,8,1,9.237833333333333,8.807666666666668,8.97272857142857
2010-08-16,18.828833333333332,0,8,0,17.599766666666667,8.917733333333333,10.228742857142858
2010-08-17,16.303366666666665,1,8,0,18.828833333333332,9.0793,11.644614285714285
2010-08-18,0.0,2,8,0,16.303366666666665,9.033366666666666,12.676623809523809
2010-08-19,0.0,3,8,0,0.0,8.8283,11.386142857142858
2010-08-20,0.0,4,8,0,0.0,8.9049,10.124957142857141
2010-08-21,0.0,5,8,1,0.0,9.237833333333333,8.85282857142857
2010-08-22,1.5556333333333332,6,8,1,0.0,17.599766666666667,7.533138095238095
2010-08-23,12.760966666666667,0,8,0,1.5556333333333332,18.828833333333332,5.241119047619047
2010-08-24,12.049133333333334,1,8,0,12.760966666666667,16.303366666666665,4.374280952380952
2010-08-25,16.340133333333334,2,8,0,12.049133333333334,0.0,3.766533333333333
2010-08-26,12.620866666666666,3,8,0,16.340133333333334,0.0,6.100838095238095
2010-08-27,33.844166666666666,4,8,0,12.620866666666666,0.0,7.903819047619047
2010-08-28,24.0476,5,8,1,33.844166666666666,0.0,12.738699999999998
2010-08-29,27.808,6,8,1,24.0476,1.5556333333333332,16.174071428571427
2010-08-30,24.913366666666665,0,8,0,27.808,12.760966666666667,19.924409523809523
2010-08-31,22.751766666666665,1,8,0,24.913366666666665,12.049133333333334,21.660466666666668
2010-09-01,26.5553,2,9,0,22.751766666666665,16.340133333333334,23.189414285714285
2010-09-02,23.208199999999998,3,9,0,26.5553,12.620866666666666,24.64872380952381
2010-09-03,22.44023333333333,4,9,0,23.208199999999998,33.844166666666666,26.1612
2010-09-04,29.064,5,9,1,22.44023333333333,24.0476,24.53206666666667
2010-09-05,22.0503,6,9,1,29.064,27.808,25.248695238095234
2010-09-06,23.7146,0,9,0,22.0503,24.913366666666665,24.426166666666663
2010-09-07,24.197566666666667,1,9,0,23.7146,22.751766666666665,24.254914285714285
2010-09-08,21.7302,2,9,0,24.197566666666667,26.5553,24.461457142857142
2010-09-09,20.645233333333334,3,9,0,21.7302,23.208199999999998,23.772157142857143
2010-09-10,22.135133333333332,4,9,0,20.645233333333334,22.44023333333333,23.406019047619047
2010-09-11,24.3885,5,9,1,22.135133333333332,29.064,23.362433333333335
2010-09-12,26.8682,6,9,1,24.3885,22.0503,22.694504761904764
2010-09-13,17.938666666666666,0,9,0,26.8682,23.7146,23.382776190476193
2010-09-14,23.844633333333334,1,9,0,17.938666666666666,24.197566666666667,22.557642857142856
2010-09-15,16.434900000000003,2,9,0,23.844633333333334,21.7302,22.50722380952381
2010-09-16,22.328966666666666,3,9,0,16.434900000000003,20.645233333333334,21.75075238095238
2010-09-17,24.96013333333333,4,9,0,22.328966666666666,22.135133333333332,21.991285714285716
2010-09-18,20.7991,5,9,1,24.96013333333333,24.3885,22.394857142857145
2010-09-19,15.326666666666666,6,9,1,20.7991,26.8682,21.882085714285715
2010-09-20,28.0472,0,9,0,15.326666666666666,17.938666666666666,20.233295238095234
2010-09-21,18.522933333333334,1,9,0,28.0472,23.844633333333334,21.67737142857143
2010-09-22,25.173233333333332,2,9,0,18.522933333333334,16.434900000000003,20.91712857142857
2010-09-23,24.16436666666667,3,9,0,25.173233333333332,22.328966666666666,22.165461904761905
2010-09-24,22.1332,4,9,0,24.16436666666667,24.96013333333333,22.4276619047619
2010-09-25,1.7667666666666666,5,9,1,22.1332,20.7991,22.023814285714288
2010-09-26,0.0,6,9,1,1.7667666666666666,15.326666666666666,19.304909523809524
2010-09-27,0.0,0,9,0,0.0,28.0472,17.115385714285715
2010-09-28,7.840433333333333,1,9,0,0.0,18.522933333333334,13.108642857142858
2010-09-29,28.073766666666664,2,9,0,7.840433333333333,25.173233333333332,11.582571428571429
2010-09-30,20.804633333333335,3,9,0,28.073766666666664,24.16436666666667,11.996933333333333
2010-10-01,25.080333333333332,4,10,0,20.804633333333335,22.1332,11.516971428571427
2010-10-02,32.05423333333333,5,10,1,25.080333333333332,1.7667666666666666,11.937990476190476
2010-10-03,30.5114,6,10,1,32.05423333333333,0.0,16.26477142857143
2010-10-04,29.599333333333334,0,10,0,30.5114,0.0,20.623542857142855
2010-10-05,30.9104,1,10,0,29.599333333333334,7.840433333333333,24.852019047619045
2010-10-06,21.924266666666664,2,10,0,30.9104,28.073766666666664,28.14772857142857
2010-10-07,30.1659,3,10,0,21.924266666666664,20.804633333333335,27.269228571428567
2010-10-08,25.174266666666664,4,10,0,30.1659,25.080333333333332,28.606552380952383
2010-10-09,26.863,5,10,1,25.174266666666664,32.05423333333333,28.61997142857143
2010-10-10,33.31506666666667,6,10,1,26.863,30.5114,27.878366666666665
2010-10-11,27.043166666666664,0,10,0,33.31506666666667,29.599333333333334,28.278890476190476
2010-10-12,26.3282,1,10,0,27.043166666666664,30.9104,27.913723809523812
2010-10-13,34.564766666666664,2,10,0,26.3282,21.924266666666664,27.259123809523807
2010-10-14,35.585366666666665,3,10,0,34.564766666666664,30.1659,29.064909523809522
2010-10-15,26.6054,4,10,0,35.585366666666665,25.174266666666664,29.839119047619047
2010-10-16,16.666900000000002,5,10,1,26.6054,26.863,30.043566666666667
2010-10-17,17.456366666666668,6,10,1,16.666900000000002,33.31506666666667,28.58698095238095
2010-10-18,45.2314,0,10,0,17.456366666666668,27.043166666666664,26.321452380952383
2010-10-19,32.09963333333334,1,10,0,45.2314,26.3282,28.91977142857143
2010-10-20,28.7994,2,10,0,32.09963333333334,34.564766666666664,29.744261904761906
2010-10-21,22.586633333333335,3,10,0,28.7994,35.585366666666665,28.920638095238093
2010-10-22,27.814866666666667,4,10,0,22.586633333333335,26.6054,27.06367619047619
2010-10-23,38.2206,5,10,1,27.814866666666667,16.666900000000002,27.236457142857144
2010-10-24,39.84246666666666,6,10,1,38.2206,17.456366666666668,30.31555714285714
2010-10-25,19.388199999999998,0,10,0,39.84246666666666,45.2314,33.51357142857143
2010-10-26,15.765066666666666,1,10,0,19.388199999999998,32.09963333333334,29.821685714285714
2010-10-27,21.004633333333334,2,10,0,15.765066666666666,28.7994,27.488176190476192
2010-10-28,24.388766666666665,3,10,0,21.004633333333334,22.586633333333335,26.374638095238094
2010-10-29,20.0737,4,10,0,24.388766666666665,27.814866666666667,26.632085714285715
2010-10-30,35.87833333333333,5,10,1,20.0737,38.2206,25.526204761904758
2010-10-31,24.607166666666668,6,10,1,35.87833333333333,39.84246666666666,25.191595238095235
2010-11-01,23.053,0,11,0,24.607166666666668,19.388199999999998,23.015123809523807
2010-11-02,19.851366666666667,1,11,0,23.053,15.765066666666666,23.538666666666668
2010-11-03,21.554966666666665,2,11,0,19.851366666666667,21.004633333333334,24.12242380952381
2010-11-04,42.58576666666667,3,11,0,21.554966666666665,24.388766666666665,24.201042857142856
2010-11-05,28.9348,4,11,0,42.58576666666667,20.0737,26.80061428571429
2010-11-06,30.09013333333333,5,11,1,28.9348,35.87833333333333,28.066485714285715
2010-11-07,27.896933333333333,6,11,1,30.09013333333333,24.607166666666668,27.2396
2010-11-08,30.425666666666665,0,11,0,27.896933333333333,23.053,27.709566666666667
2010-11-09,33.701633333333334,1,11,0,30.425666666666665,19.851366666666667,28.76280476190476
2010-11-10,32.442233333333334,2,11,0,33.701633333333334,21.554966666666665,30.741414285714285
2010-11-11,29.559866666666668,3,11,0,32.442233333333334,42.58576666666667,32.2967380952381
2010-11-12,30.613699999999998,4,11,0,29.559866666666668,28.9348,30.435895238095238
2010-11-13,33.719566666666665,5,11,1,30.613699999999998,30.09013333333333,30.675738095238096
2010-11-14,33.9732,6,11,1,33.719566666666665,27.896933333333333,31.19422857142857
2010-11-15,29.123033333333336,0,11,0,33.9732,30.425666666666665,32.062266666666666
2010-11-16,25.162466666666667,1,11,0,29.123033333333336,33.701633333333334,31.876176190476194
2010-11-17,26.3672,2,11,0,25.162466666666667,32.442233333333334,30.656295238095236
2010-11-18,27.535866666666667,3,11,0,26.3672,29.559866666666668,29.788433333333334
2010-11-19,26.173333333333336,4,11,0,27.535866666666667,30.613699999999998,29.499290476190474
2010-11-20,36.61676666666666,5,11,1,26.173333333333336,33.719566666666665,28.86495238095238
2010-11-21,15.015166666666666,6,11,1,36.61676666666666,33.9732,29.278838095238093
2010-11-22,34.025600000000004,0,11,0,15.015166666666666,29.123033333333336,26.57054761904762
2010-11-23,26.292266666666666,1,11,0,34.025600000000004,25.162466666666667,27.270914285714287
2010-11-24,29.93746666666667,2,11,0,26.292266666666666,26.3672,27.432314285714288
2010-11-25,23.852733333333333,3,11,0,29.93746666666667,27.535866666666667,27.942352380952382
2010-11-26,24.801733333333335,4,11,0,23.852733333333333,26.173333333333336,27.41619047619048
